Company,District,Grades Served,Full Address,Street Address,City,State,ZIP Code,Phone,Website,Total Students,execution_date
21ST CENTURY EARLY LEARNING FOUNDATIONS ACADEMY,Weslaco ISD,Prekindergarten - Prekindergarten,"400 S Oklahoma Ave, Weslaco, TX 78596",400 S Oklahoma Ave,Weslaco,TX,78596,(956) 969-6620,http://www.wisd.us/,429,2025-04-07T00:05:53.663750
A B DUNCAN COLLEGIATE ELEM,Floydada Collegiate ISD,Early Education - Grade 5,"1101 S 8th St, Floydada, TX 79235",1101 S 8th St,Floydada,TX,79235,(806) 983-5332,http://www.floydadaisd.esc17.net/,327,2025-04-07T00:05:53.663750
A B MCBAY ELEM,Mexia ISD,Early Education - Grade 2,"1000 N Ross, Mexia, TX 76667",1000 N Ross,Mexia,TX,76667,(254) 562-4030,http://www.mexiaisd.net/,538,2025-04-07T00:05:53.663750
A G ELDER ELEM,Joshua ISD,Early Education - Grade 5,"513 Henderson St, Joshua, TX 76058",513 Henderson St,Joshua,TX,76058,(817) 202-2500,http://www.joshuaisd.org/,616,2025-04-07T00:05:53.663750
A M OCHOA ELEM,Donna ISD,Prekindergarten - Grade 5,"424 S 11th St, Donna, TX 78537",424 S 11th St,Donna,TX,78537,(956) 464-1900,http://www.donnaisd.net/,300,2025-04-07T00:05:53.663750
A M PATE ELEM,Fort Worth ISD,Prekindergarten - Grade 5,"3800 Anglin Dr, Fort Worth, TX 76119",3800 Anglin Dr,Fort Worth,TX,76119,(817) 815-3800,http://www.fortworthisd.org/,360,2025-04-07T00:05:53.663750
A N RICO ELEM,Weslaco ISD,Prekindergarten - Grade 5,"2202 N International Blvd, Weslaco, TX 78596",2202 N International Blvd,Weslaco,TX,78596,(956) 969-6815,http://rico.wisd.us/,695,2025-04-07T00:05:53.663750
A V CATO ELEM,Castleberry ISD,Prekindergarten - Grade 5,"4501 Barbara Rd, Fort Worth, TX 76114",4501 Barbara Rd,Fort Worth,TX,76114,(817) 252-2400,http://avc.castleberryisd.net/,578,2025-04-07T00:05:53.663750
A+ ACADEMY ELEM,A+ Academy,Prekindergarten - Grade 6,"10327 Rylie Rd, Dallas, TX 75217",10327 Rylie Rd,Dallas,TX,75217,(972) 557-5578,http://www.rylieffa.com/,857,2025-04-07T00:05:53.663750
AARON PARKER ELEM,North Lamar ISD,Prekindergarten - Grade 4,"98 CR 44112, Powderly, TX 75473",98 CR 44112,Powderly,TX,75473,(903) 732-3066,http://www.northlamar.net/,235,2025-04-07T00:05:53.663750
ABBETT ELEM,Garland ISD,Kindergarten - Grade 5,"730 W Muirfield Rd, Garland, TX 75044",730 W Muirfield Rd,Garland,TX,75044,(972) 675-3000,http://www.garlandisdschools.net/abbett,659,2025-04-07T00:05:53.663750
ABBOTT SCHOOL,Abbott ISD,Prekindergarten - Grade 12,"219 S First St, Abbott, TX 76621",219 S First St,Abbott,TX,76621,(254) 582-3011,http://www.abbottisd.org/,282,2025-04-07T00:05:53.663750
ABERNATHY ELEM,Abernathy ISD,Early Education - Grade 5,"505 7th St, Abernathy, TX 79311",505 7th St,Abernathy,TX,79311,(806) 298-4930,http://www.abernathyisd.com/,390,2025-04-07T00:05:53.663750
ACADEMY EARLY CHILDHOOD CENTER,Academy ISD,Prekindergarten - Grade 2,"311 N Bumblebee Dr, Little River, TX 76554",311 N Bumblebee Dr,Little River,TX,76554,(254) 982-4621,http://www.academyisd.net/,452,2025-04-07T00:05:53.663750
ACADEMY AT CARRIE F THOMAS,Birdville ISD,Prekindergarten - Grade 5,"8200 O'brian Way, North Richland Hills, TX 76180",8200 O'brian Way,North Richland Hills,TX,76180,(817) 547-3000,http://www.birdvilleschools.net/,557,2025-04-07T00:05:53.663750
ACADEMY AT NOLA DUNN,Burleson ISD,Kindergarten - Grade 5,"201 S Dobson St, Burleson, TX 76028",201 S Dobson St,Burleson,TX,76028,(817) 245-3300,http://academy.burlesonisd.net/,656,2025-04-07T00:05:53.663750
ACADEMY OF DALLAS,Academy of Dallas,Prekindergarten - Grade 8,"2324 S Vernon Ave, Dallas, TX 75224",2324 S Vernon Ave,Dallas,TX,75224,(214) 371-9600,http://academyofdallas.com/,245,2025-04-07T00:05:53.663750
ACCELERATED INTERDISCIPLINARY ACAD,Accelerated Intermediate Academy,Prekindergarten - Grade 6,"12825 Summit Rdg Dr, Houston, TX 77085",12825 Summit Rdg Dr,Houston,TX,77085,(713) 728-9330,http://www.aiacharterschools.org/,199,2025-04-07T00:05:53.663750
ACHZIGER ELEM,Mesquite ISD,Early Education - Grade 5,"3300 Ridgeranch Rd, Mesquite, TX 75181",3300 Ridgeranch Rd,Mesquite,TX,75181,(972) 290-4180,http://www.mesquiteisd.org/,844,2025-04-07T00:05:53.663750
ACTON ELEM,Granbury ISD,Kindergarten - Grade 5,"3200 Acton Rd, Granbury, TX 76049",3200 Acton Rd,Granbury,TX,76049,(817) 408-4200,http://www.granburyisd.org/,818,2025-04-07T00:05:53.663750
ADAM ELEM,Cypress-Fairbanks ISD,Early Education - Grade 5,"11303 Honeygrove Ln, Houston, TX 77065",11303 Honeygrove Ln,Houston,TX,77065,(281) 897-4485,http://www.cfisd.net/,804,2025-04-07T00:05:53.663750
ADAMS ELEM,Cleburne ISD,Prekindergarten - Grade 5,"1492 Is Grove Rd, Cleburne, TX 76031",1492 Is Grove Rd,Cleburne,TX,76031,(817) 202-2000,http://c-isd.com/,422,2025-04-07T00:05:53.663750
ADAMS ELEM,Arlington ISD,Early Education - Grade 6,"2220 Sherry St, Arlington, TX 76010",2220 Sherry St,Arlington,TX,76010,(682) 867-2130,http://www.aisd.net/adams-elementary,754,2025-04-07T00:05:53.663750
ADAMS HILL ELEM,Northside ISD,Prekindergarten - Grade 5,"9627 Adams Hill Dr, San Antonio, TX 78245",9627 Adams Hill Dr,San Antonio,TX,78245,(210) 397-1400,http://nisd.net/,467,2025-04-07T00:05:53.663750
ADELFA BOTELLO CALLEJO ELEM,Dallas ISD,Prekindergarten - Grade 5,"7817 Military Pkwy, Dallas, TX 75227",7817 Military Pkwy,Dallas,TX,75227,(972) 749-5700,http://www.dallasisd.org/callejo,521,2025-04-07T00:05:53.663750
ADELLE TURNER ELEM,Dallas ISD,Prekindergarten - Grade 5,"5505 S Polk St, Dallas, TX 75232",5505 S Polk St,Dallas,TX,75232,(972) 794-6300,http://www.dallasisd.org/turner,297,2025-04-07T00:05:53.663750
ADRIAN SCHOOL,Adrian ISD,Prekindergarten - Grade 12,"301 Matador Dr, Adrian, TX 79001",301 Matador Dr,Adrian,TX,79001,(806) 538-6203,http://adrianisd.net/,113,2025-04-07T00:05:53.663750
ADVANCED LEARNING ACADEMY,San Antonio ISD,Prekindergarten - Grade 12,"621 W Euclid, San Antonio, TX 78212",621 W Euclid,San Antonio,TX,78212,(210) 738-9763,http://schools.saisd.net/page/026.homepage,995,2025-04-07T00:05:53.663750
ADVANTAGE ACADEMY,Advantage Academy,Prekindergarten - Grade 12,"955 Freetown Rd, Grand Prairie, TX 75051",955 Freetown Rd,Grand Prairie,TX,75051,(214) 276-5800,http://www.advantageacademy.org/,"1,138",2025-04-07T00:05:53.663750
AGNES COTTON ACADEMY,San Antonio ISD,Prekindergarten - Grade 8,"1616 Blanco Rd, San Antonio, TX 78212",1616 Blanco Rd,San Antonio,TX,78212,(210) 738-9780,http://schools.saisd.net/page/117.homepage,441,2025-04-07T00:05:53.663750
AGUA DULCE ELEM,Agua Dulce ISD,Prekindergarten - Grade 5,"1 Longhorn Dr, Agua Dulce, TX 78330",1 Longhorn Dr,Agua Dulce,TX,78330,(361) 998-2335,http://www.adisd.net/,178,2025-04-07T00:05:53.663750
AIDA C ESCOBAR ELEM,Pharr-San Juan-Alamo ISD,Prekindergarten - Grade 5,"901 W Kelly St, Pharr, TX 78577",901 W Kelly St,Pharr,TX,78577,(956) 354-2920,http://www.psjaisd.us/,614,2025-04-07T00:05:53.663750
AIKEN ELEM,Brownsville ISD,Prekindergarten - Grade 5,"6290 Southmost Rd, Brownsville, TX 78521",6290 Southmost Rd,Brownsville,TX,78521,(956) 986-5200,http://www.bisd.us/aiken/,547,2025-04-07T00:05:53.663750
AIKIN ELEM,Richardson ISD,Prekindergarten - Grade 6,"12300 Pleasant Vly Dr, Dallas, TX 75243",12300 Pleasant Vly Dr,Dallas,TX,75243,(469) 593-1820,http://risd.org/,500,2025-04-07T00:05:53.663750
AIKIN ELEM,Paris ISD,Kindergarten - Grade 4,"3100 Pine Mill Rd, Paris, TX 75460",3100 Pine Mill Rd,Paris,TX,75460,(903) 737-7443,http://aes.parisisd.net/,924,2025-04-07T00:05:53.663750
AIKMAN ELEM,Hereford ISD,Kindergarten - Grade 5,"900 Ave K, Hereford, TX 79045",900 Ave K,Hereford,TX,79045,(806) 363-7640,http://www.herefordisd.net/,401,2025-04-07T00:05:53.663750
AIRPORT ELEM,Weslaco ISD,Prekindergarten - Grade 5,"410 N Airport Dr, Weslaco, TX 78596",410 N Airport Dr,Weslaco,TX,78596,(956) 969-6770,http://airport.wisd.us/,641,2025-04-07T00:05:53.663750
AKIN ELEM,Hale Center ISD,Prekindergarten - Grade 4,"N Ave K, Hale Center, TX 79041",N Ave K,Hale Center,TX,79041,(806) 839-2121,http://www.hcisdowls.net/,254,2025-04-07T00:05:53.663750
ALBA-GOLDEN ELEM,Alba-Golden ISD,Early Education - Grade 5,"1373 CR 2377, Alba, TX 75410",1373 CR 2377,Alba,TX,75410,(903) 768-2472,http://www.agisd.com/,428,2025-04-07T00:05:53.663750
ALBERTO AND CELIA BARRERA ELEM,Rio Grande City Grulla ISD,Prekindergarten - Grade 5,"1400 N Lopez St, Rio Grande City, TX 78582",1400 N Lopez St,Rio Grande City,TX,78582,(956) 716-6917,http://www.rgccisd.org/,438,2025-04-07T00:05:53.663750
ALCORTA ELEM,Abilene ISD,Kindergarten - Grade 5,"2650 S 32nd St, Abilene, TX 79605",2650 S 32nd St,Abilene,TX,79605,(325) 690-3602,http://www.abileneisd.org/,471,2025-04-07T00:05:53.663750
ALCOTT ELEM,Houston ISD,Prekindergarten - Grade 5,"5859 Bellfort, Houston, TX 77033",5859 Bellfort,Houston,TX,77033,(713) 732-3540,http://www.houstonisd.org/,202,2025-04-07T00:05:53.663750
ALDRIDGE ELEM,Plano ISD,Kindergarten - Grade 5,"720 Pleasant Valley Ln, Richardson, TX 75080",720 Pleasant Valley Ln,Richardson,TX,75080,(469) 752-0000,http://www.pisd.edu/,509,2025-04-07T00:05:53.663750
ALEX SANGER PREPARATORY SCHOOL,Dallas ISD,Prekindergarten - Grade 8,"8410 San Leandro Dr, Dallas, TX 75218",8410 San Leandro Dr,Dallas,TX,75218,(972) 749-7600,http://www.dallasisd.org/sanger,753,2025-04-07T00:05:53.663750
ALEXANDER ELEM,Alief ISD,Early Education - Grade 4,"8500 Brookwulf, Houston, TX 77099",8500 Brookwulf,Houston,TX,77099,(281) 983-8300,http://www.aliefisd.net/,648,2025-04-07T00:05:53.663750
ALFRED SORENSEN ELEM,Pharr-San Juan-Alamo ISD,Prekindergarten - Grade 5,"701 E Sam Houston, San Juan, TX 78589",701 E Sam Houston,San Juan,TX,78589,(956) 354-2910,http://psjaisd.us/,570,2025-04-07T00:05:53.663750
ALICE CARLSON APPLIED LRN CTR,Fort Worth ISD,Kindergarten - Grade 5,"3320 W Cantey St, Fort Worth, TX 76109",3320 W Cantey St,Fort Worth,TX,76109,(817) 815-5700,http://www.fortworthisd.org/,363,2025-04-07T00:05:53.663750
ALICE D CONTRERAS,Fort Worth ISD,Prekindergarten - Grade 5,"4100 Lubbock Ave, Fort Worth, TX 76115",4100 Lubbock Ave,Fort Worth,TX,76115,(817) 814-7800,http://www.fortworthisd.org/,531,2025-04-07T00:05:53.663750
ALICE PONDER ELEM,Mansfield ISD,Early Education - Grade 4,"101 Pleasant Ridge Dr, Mansfield, TX 76063",101 Pleasant Ridge Dr,Mansfield,TX,76063,(817) 299-7700,http://ponder.mansfieldisd.org/,586,2025-04-07T00:05:53.663750
ALICE W DOUSE ELEM,Killeen ISD,Prekindergarten - Grade 5,"700 Rebecca Lynn Ln, Killeen, TX 76542",700 Rebecca Lynn Ln,Killeen,TX,76542,(254) 336-7480,http://www.killeenisd.org/,969,2025-04-07T00:05:53.663750
ALICIA R CHACON INTERNATIONAL,Ysleta ISD,Kindergarten - Grade 8,"920 Burgundy Dr, El Paso, TX 79907",920 Burgundy Dr,El Paso,TX,79907,(915) 434-9200,http://aliciachacon.yisd.net/,813,2025-04-07T00:05:53.663750
ALIEF MONTESSORI COMMUNITY SCHOOL,Alief Montessori Community School,Prekindergarten - Grade 8,"12013 6th St, Houston, TX 77072",12013 6th St,Houston,TX,77072,(281) 530-9406,http://amcsmontessori.org/,349,2025-04-07T00:05:53.663750
ALKEK ELEM,Bandera ISD,Early Education - Grade 5,"1798 Hwy 173 S, Bandera, TX 78003",1798 Hwy 173 S,Bandera,TX,78003,(830) 460-3900,http://banderaisd.net/,629,2025-04-07T00:05:53.663750
ALLEN & WILLIAM ARNOLD ELEM,Pharr-San Juan-Alamo ISD,Prekindergarten - Grade 5,"615 W El Dora Rd, Pharr, TX 78577",615 W El Dora Rd,Pharr,TX,78577,(956) 354-2710,http://psjaisd.us/,567,2025-04-07T00:05:53.663750
ALLEN ELEM,Northside ISD,Early Education - Grade 5,"101 Dumont Dr, San Antonio, TX 78227",101 Dumont Dr,San Antonio,TX,78227,(210) 397-0800,http://nisd.net/,464,2025-04-07T00:05:53.663750
ALLEN ELEM,Frisco ISD,Kindergarten - Grade 5,"5800 Legacy Dr, Frisco, TX 75034",5800 Legacy Dr,Frisco,TX,75034,(469) 633-3800,http://www.friscoisd.org/,808,2025-04-07T00:05:53.663750
ALLEN ELEM,Corpus Christi ISD,Prekindergarten - Grade 5,"1414 18th St, Corpus Christi, TX 78404",1414 18th St,Corpus Christi,TX,78404,(361) 878-2140,http://allen.ccisd.us/,211,2025-04-07T00:05:53.663750
ALLIENE MULLENDORE ELEM,Birdville ISD,Early Education - Grade 5,"4100 Flory St, North Richland Hills, TX 76180",4100 Flory St,North Richland Hills,TX,76180,(817) 547-1900,http://www.birdvilleschools.net/,332,2025-04-07T00:05:53.663750
ALLISON ELEM,Austin ISD,Prekindergarten - Grade 5,"515 Vargas Rd, Austin, TX 78741",515 Vargas Rd,Austin,TX,78741,(512) 414-2004,http://www.austinisd.org/schools/allison,380,2025-04-07T00:05:53.663750
ALMEDA ELEM,Houston ISD,Early Education - Grade 5,"14249 Bridgeport Rd, Houston, TX 77047",14249 Bridgeport Rd,Houston,TX,77047,(713) 434-5620,http://www.houstonisd.org/,802,2025-04-07T00:05:53.663750
ALONSO S PERALES ELEM,Edgewood ISD,Prekindergarten - Grade 5,"1507 Ceralvo St, San Antonio, TX 78237",1507 Ceralvo St,San Antonio,TX,78237,(210) 898-4260,http://www.eisd.net/,340,2025-04-07T00:05:53.663750
ALPINE ELEM,Alpine ISD,Prekindergarten - Grade 4,"200 E Ave A, Alpine, TX 79830",200 E Ave A,Alpine,TX,79830,(432) 837-7730,http://www.alpine.esc18.net/,379,2025-04-07T00:05:53.663750
ALTA LOMA ELEM,San Angelo ISD,Early Education - Grade 5,"1700 N Garfield St, San Angelo, TX 76901",1700 N Garfield St,San Angelo,TX,76901,(325) 947-3914,http://altaloma.saisd.org/,288,2025-04-07T00:05:53.663750
ALTA VISTA ELEM,Waco ISD,Prekindergarten - Grade 5,"3637 Alta Vista Dr, Waco, TX 76706",3637 Alta Vista Dr,Waco,TX,76706,(254) 662-3050,http://altavista.wacoisd.org/cms/One.aspx,504,2025-04-07T00:05:53.663750
ALTON BOWEN ELEM,Bryan ISD,Early Education - Grade 4,"3870 Copperfield Dr, Bryan, TX 77802",3870 Copperfield Dr,Bryan,TX,77802,(979) 209-1300,http://bowen.bryanisd.org/,339,2025-04-07T00:05:53.663750
ALTON BOYD ELEM,Allen ISD,Kindergarten - Grade 6,"800 Jupiter Rd, Allen, TX 75002",800 Jupiter Rd,Allen,TX,75002,(972) 727-0560,http://www.allenisd.org/web/Boyd_Elementary/Index.htm,553,2025-04-07T00:05:53.663750
ALVARADO ELEM-NORTH,Alvarado ISD,Early Education - Grade 2,"1500 N Cummings, Alvarado, TX 76009",1500 N Cummings,Alvarado,TX,76009,(817) 783-6863,http://alvaradoisd.net/,279,2025-04-07T00:05:53.663750
ALVARADO ELEM-SOUTH,Alvarado ISD,Prekindergarten - Grade 2,"1000 E Davis, Alvarado, TX 76009",1000 E Davis,Alvarado,TX,76009,(817) 783-6880,http://alvaradoisd.net/,333,2025-04-07T00:05:53.663750
ALVAREZ ELEM,McAllen ISD,Prekindergarten - Grade 5,"2606 Gumwood Ave, McAllen, TX 78501",2606 Gumwood Ave,McAllen,TX,78501,(956) 971-4471,http://alvarez.mcallenisd.org/,415,2025-04-07T00:05:53.663750
ALVIN ELEM,Alvin ISD,Early Education - Grade 5,"2200 Westpark Dr, Alvin, TX 77511",2200 Westpark Dr,Alvin,TX,77511,(281) 585-2511,http://www.alvinisd.net/Domain/9,651,2025-04-07T00:05:53.663750
ALVIS C STORY ELEM,Allen ISD,Kindergarten - Grade 6,"1550 Edelweiss Dr, Allen, TX 75002",1550 Edelweiss Dr,Allen,TX,75002,(972) 727-0570,http://www.allenisd.org/web/Story_Elementary/Index.htm,453,2025-04-07T00:05:53.663750
ALVORD ELEM,Alvord ISD,Early Education - Grade 5,"711 W Stadium Dr, Alvord, TX 76225",711 W Stadium Dr,Alvord,TX,76225,(940) 427-2881,http://www.alvordisd.net/,374,2025-04-07T00:05:53.663750
AMANDA GARZA-PENA ELEM,Pharr-San Juan-Alamo ISD,Prekindergarten - Grade 5,"500 E FM 495, San Juan, TX 78589",500 E FM 495,San Juan,TX,78589,(956) 354-2800,http://psjaisd.us/,528,2025-04-07T00:05:53.663750
AMANDA ROCHELL ELEM,Rockwall ISD,Prekindergarten - Grade 6,"899 Rochell Ct, Rockwall, TX 75032",899 Rochell Ct,Rockwall,TX,75032,(972) 771-2112,http://www.rockwallisd.com/Domain/14,467,2025-04-07T00:05:53.663750
AMARILLO COLLEGIATE ACADEMY,Texas College Preparatory Academies,Kindergarten - Grade 12,"6000 S Georgia, Amarillo, TX 79119",6000 S Georgia,Amarillo,TX,79119,(806) 367-5447,http://www.responsiveed.com/,461,2025-04-07T00:05:53.663750
AMBASSADORS PREPARATORY ACADEMY,Ambassadors Preparatory Academy,Prekindergarten - Grade 8,"5001 Ave U, Galveston, TX 77551",5001 Ave U,Galveston,TX,77551,(409) 762-1115,http://www.apagalv.org/,189,2025-04-07T00:05:53.663750
AMELIA ELEM,Beaumont ISD,Early Education - Grade 5,"565 S Major Dr, Beaumont, TX 77707",565 S Major Dr,Beaumont,TX,77707,(409) 617-6000,http://www.bmtisd.com/amelia,530,2025-04-07T00:05:53.663750
AMHERST SCHOOL,Amherst ISD,Prekindergarten - Grade 12,"101 N Main St, Amherst, TX 79312",101 N Main St,Amherst,TX,79312,(806) 246-3221,http://www.amherstisd.com/,126,2025-04-07T00:05:53.663750
AMIGOS POR VIDA-FRIENDS FOR LIFE CHARTER SCHOOL,Amigos Por Vida-Friends for Life Pub Chtr Sch,Prekindergarten - Grade 8,"5503 El Camino Del Rey, Houston, TX 77081",5503 El Camino Del Rey,Houston,TX,77081,(713) 349-9945,http://www.amigosporvida.com/,560,2025-04-07T00:05:53.663750
AMOS ELEM,Arlington ISD,Prekindergarten - Grade 6,"3100 Daniel Dr, Arlington, TX 76014",3100 Daniel Dr,Arlington,TX,76014,(682) 867-4700,http://www.aisd.net/amos-elementary,346,2025-04-07T00:05:53.663750
AMPARO GUTIERREZ ELEM,United ISD,Early Education - Grade 5,"505 Calle Del Norte, Laredo, TX 78041",505 Calle Del Norte,Laredo,TX,78041,(956) 473-4400,http://www.uisd.net/,375,2025-04-07T00:05:53.663750
AMY PARKS-HEATH ELEM,Rockwall ISD,Kindergarten - Grade 6,"330 Laurence Dr, Heath, TX 75032",330 Laurence Dr,Heath,TX,75032,(972) 772-4300,http://www.rockwallisd.com/Domain/15,619,2025-04-07T00:05:53.663750
ANAHUAC ELEM,Anahuac ISD,Early Education - Grade 5,"906 Ross Sterling, Anahuac, TX 77514",906 Ross Sterling,Anahuac,TX,77514,(409) 267-2060,http://anahuacisd.net/,650,2025-04-07T00:05:53.663750
ANDERSON ELEM,Frisco ISD,Kindergarten - Grade 5,"2800 Oakland Hills Dr, Plano, TX 75025",2800 Oakland Hills Dr,Plano,TX,75025,(469) 633-2300,http://www.friscoisd.org/,735,2025-04-07T00:05:53.663750
ANDERSON ELEM,Houston ISD,Early Education - Grade 5,"5727 Ludington Dr, Houston, TX 77035",5727 Ludington Dr,Houston,TX,77035,(713) 726-3600,http://www.houstonisd.org/,630,2025-04-07T00:05:53.663750
ANDERSON ELEM,Spring ISD,Early Education - Grade 5,"6218 Lynngate Dr, Spring, TX 77373",6218 Lynngate Dr,Spring,TX,77373,(281) 891-8360,http://www.springisd.org/aes/,482,2025-04-07T00:05:53.663750
ANDERSON ELEM,Conroe ISD,Early Education - Grade 4,"1414 E Dallas, Conroe, TX 77301",1414 E Dallas,Conroe,TX,77301,(936) 709-5300,http://www.conroeisd.net/,699,2025-04-07T00:05:53.663750
ANDERSON ELEM,Arlington ISD,Early Education - Grade 6,"1101 Timberlake Dr, Arlington, TX 76010",1101 Timberlake Dr,Arlington,TX,76010,(682) 867-7750,http://www.aisd.net/anderson-elementary,408,2025-04-07T00:05:53.663750
ANDERSON MILL ELEM,Round Rock ISD,Prekindergarten - Grade 5,"10610 Salt Mill Hollow, Austin, TX 78750",10610 Salt Mill Hollow,Austin,TX,78750,(512) 428-3700,http://schools.roundrockisd.org/andersonmill/,423,2025-04-07T00:05:53.663750
ANDERSON-SHIRO ELEM,Anderson-Shiro CISD,Prekindergarten - Grade 5,"458 FM 149 W, Anderson, TX 77830",458 FM 149 W,Anderson,TX,77830,(936) 873-4525,http://www.anderson-shirocisd.net/elementary.htm,438,2025-04-07T00:05:53.663750
ANDRE ELEM,Cypress-Fairbanks ISD,Early Education - Grade 5,"8111 Fry Rd, Cypress, TX 77433",8111 Fry Rd,Cypress,TX,77433,(281) 463-5500,http://www.cfisd.net/,939,2025-04-07T00:05:53.663750
ANDREWS ELEM,Plano ISD,Kindergarten - Grade 5,"2520 Scenic Dr, Plano, TX 75025",2520 Scenic Dr,Plano,TX,75025,(469) 752-3900,http://www.pisd.edu/,400,2025-04-07T00:05:53.663750
ANDREWS ELEM,Gregory-Portland ISD,Prekindergarten - Grade 5,"4015 Moore Ave, Portland, TX 78374",4015 Moore Ave,Portland,TX,78374,(361) 777-4048,http://www.g-pisd.org/,582,2025-04-07T00:05:53.663750
ANDREWS ELEM,Austin ISD,Prekindergarten - Grade 5,"6801 Northeast Dr, Austin, TX 78723",6801 Northeast Dr,Austin,TX,78723,(512) 414-1770,http://www.austinisd.org/schools/andrews,324,2025-04-07T00:05:53.663750
ANITA SCOTT ELEM,Royse City ISD,Prekindergarten - Grade 5,"1401 Erby Campbell Blvd, Royse City, TX 75189",1401 Erby Campbell Blvd,Royse City,TX,75189,(972) 636-3300,http://www.rcisd.org/,651,2025-04-07T00:05:53.663750
ANN BROCK ELEM AT OAK GROVE,Burleson ISD,Early Education - Grade 5,"12000 Oak Grove Rd, Fort Worth, TX 76028",12000 Oak Grove Rd,Fort Worth,TX,76028,(817) 245-3800,http://brock.burlesonisd.net/,636,2025-04-07T00:05:53.663750
ANN WHITNEY ELEM,Hamilton ISD,Early Education - Grade 5,"400 S College, Hamilton, TX 76531",400 S College,Hamilton,TX,76531,(254) 386-8166,http://www.hamiltonisd.org/,409,2025-04-07T00:05:53.663750
ANNA MAY DAULTON ELEM,Mansfield ISD,Kindergarten - Grade 4,"2607 N Grand Peninsula Dr, Grand Prairie, TX 75054",2607 N Grand Peninsula Dr,Grand Prairie,TX,75054,(817) 299-6640,http://daulton.mansfieldisd.org/,665,2025-04-07T00:05:53.663750
ANNE FRANK ELEM,Dallas ISD,Early Education - Grade 5,"5201 Celestial Rd, Dallas, TX 75204",5201 Celestial Rd,Dallas,TX,75204,(972) 502-5900,http://www.dallasisd.org/frank,"1,139",2025-04-07T00:05:53.663750
ANNE FRANK INSPIRE ACADEMY,Inspire Academies,Kindergarten - Grade 12,"11216 Bandera Rd, San Antonio, TX 78249",11216 Bandera Rd,San Antonio,TX,78249,(210) 638-5900,http://braination.net/,473,2025-04-07T00:05:53.663750
ANNE MCCORMICK SULLIVAN ELEM,Fort Bend ISD,Early Education - Grade 5,"17828 Winding Waters Ln, Sugar Land, TX 77479",17828 Winding Waters Ln,Sugar Land,TX,77479,(281) 327-2860,http://www.fortbendisd.com/ase,"1,120",2025-04-07T00:05:53.663750
ANNETTE PERRY ELEM,Mansfield ISD,Prekindergarten - Grade 4,"1261 S Main St, Mansfield, TX 76063",1261 S Main St,Mansfield,TX,76063,(817) 804-2800,http://perry.mansfieldisd.org/,447,2025-04-07T00:05:53.663750
ANNIE PURL ELEM,Georgetown ISD,Early Education - Grade 5,"1953 Maple St, Georgetown, TX 78626",1953 Maple St,Georgetown,TX,78626,(512) 943-5080,http://www.georgetownisd.org/apurl,610,2025-04-07T00:05:53.663750
ANNIE SIMS ELEM,Mount Pleasant ISD,Kindergarten - Grade 4,"1801 E 1st St, Mount Pleasant, TX 75455",1801 E 1st St,Mount Pleasant,TX,75455,(903) 575-2062,http://www.mpisd.net/sims/,478,2025-04-07T00:05:53.663750
ANNIE WEBB BLANTON ELEM,Dallas ISD,Early Education - Grade 5,"8915 Greenmound Ave, Dallas, TX 75227",8915 Greenmound Ave,Dallas,TX,75227,(972) 794-1700,http://www.dallasisd.org/blanton,597,2025-04-07T00:05:53.663750
ANSON ELEM,Anson ISD,Prekindergarten - Grade 5,"922 Ave M, Anson, TX 79501",922 Ave M,Anson,TX,79501,(325) 823-3361,http://www.ansontigers.com/,383,2025-04-07T00:05:53.663750
ANSON JONES ELEM,Bryan ISD,Early Education - Grade 4,"1400 Pecan St, Bryan, TX 77803",1400 Pecan St,Bryan,TX,77803,(979) 209-3900,http://jones.bryanisd.org/,559,2025-04-07T00:05:53.663750
ANSON JONES ELEM,Dallas ISD,Early Education - Grade 6,"3901 Meredith Ave, Dallas, TX 75211",3901 Meredith Ave,Dallas,TX,75211,(972) 794-4700,http://www.dallasisd.org/jones,508,2025-04-07T00:05:53.663750
ANTON SCHOOL,Anton ISD,Prekindergarten - Grade 12,"100 E Ellwood Blvd, Anton, TX 79313",100 E Ellwood Blvd,Anton,TX,79313,(806) 997-5211,http://antonisd.org/,182,2025-04-07T00:05:53.663750
AOY ELEM,El Paso ISD,Prekindergarten - Grade 5,"901 S Campbell St, El Paso, TX 79901",901 S Campbell St,El Paso,TX,79901,(915) 236-0175,http://aoy.episd.org/,246,2025-04-07T00:05:53.663750
APPLE SPRINGS ELEM,Apple Springs ISD,Prekindergarten - Grade 6,"9120 FM 2501, Apple Springs, TX 75926",9120 FM 2501,Apple Springs,TX,75926,(936) 831-2241,http://www.asisd.com/,121,2025-04-07T00:05:53.663750
AQUILLA SCHOOL,Aquilla ISD,Early Education - Grade 12,"404 N Richards, Aquilla, TX 76622",404 N Richards,Aquilla,TX,76622,(254) 694-3770,http://www.aquillaisd.net/,334,2025-04-07T00:05:53.663750
ARABIC IMMERSION MAGNET SCHOOL,Houston ISD,Prekindergarten - Grade 6,"4001 Stanford St, Houston, TX 77006",4001 Stanford St,Houston,TX,77006,(713) 556-8940,http://www.houstonisd.org/,473,2025-04-07T00:05:53.663750
ARAPAHO CLASSICAL MAGNET,Richardson ISD,Kindergarten - Grade 6,"1300 Cypress Dr, Richardson, TX 75080",1300 Cypress Dr,Richardson,TX,75080,(469) 593-6400,http://risd.org/,554,2025-04-07T00:05:53.663750
ARCADIA PARK ELEM,Dallas ISD,Prekindergarten - Grade 6,"1300 N Justin Ave, Dallas, TX 75211",1300 N Justin Ave,Dallas,TX,75211,(972) 502-5300,http://www.dallasisd.org/arcadiapark,606,2025-04-07T00:05:53.663750
ARCHER CITY ELEM,Archer City ISD,Prekindergarten - Grade 6,"602 S Ash St, Archer City, TX 76351",602 S Ash St,Archer City,TX,76351,(940) 574-4506,http://www.archercityisd.net/,277,2025-04-07T00:05:53.663750
ARDEN ROAD ELEM,Canyon ISD,Kindergarten - Grade 4,"6801 Learning Tree Ave, Amarillo, TX 79109",6801 Learning Tree Ave,Amarillo,TX,79109,(806) 677-2360,http://www.canyonisd.net/,453,2025-04-07T00:05:53.663750
ARGYLE WEST,Argyle ISD,Early Education - Grade 4,"1741 Old Justin Rd, Argyle, TX 76226",1741 Old Justin Rd,Argyle,TX,76226,(940) 246-4007,http://www.argyleisd.com/,903,2025-04-07T00:05:53.663750
ARISTOI CLASSICAL ACADEMY,Aristoi Classical Academy,Kindergarten - Grade 4,"5618 11th St, Katy, TX 77493",5618 11th St,Katy,TX,77493,(281) 391-5003,http://www.aristoiclassical.org/,432,2025-04-07T00:05:53.663750
ARIZONA FLEMING ELEM,Fort Bend ISD,Early Education - Grade 5,"14850 Bissonnet St, Houston, TX 77083",14850 Bissonnet St,Houston,TX,77083,(281) 634-4600,http://www.fortbendisd.com/afe,510,2025-04-07T00:05:53.663750
ARLINGTON CLASSICS ACADEMY - ARKANSAS CAMPUS,Arlington Classics Academy,Kindergarten - Grade 2,"2800 W Arkansas Ln, Arlington, TX 76016",2800 W Arkansas Ln,Arlington,TX,76016,(817) 274-2008,http://www.acaedu.net/,514,2025-04-07T00:05:53.663750
ARLYNE & ALAN WEBER ELEM,Clear Creek ISD,Early Education - Grade 5,"11955 Blackhawk Blvd, Houston, TX 77089",11955 Blackhawk Blvd,Houston,TX,77089,(281) 284-6300,http://www.ccisd.net/,756,2025-04-07T00:05:53.663750
ARMAND BAYOU ELEM,Clear Creek ISD,Early Education - Grade 5,"16000 Hickory Knoll Dr, Houston, TX 77059",16000 Hickory Knoll Dr,Houston,TX,77059,(281) 284-5100,http://www.ccisd.net/,512,2025-04-07T00:05:53.663750
ARMSTRONG ELEM,Conroe ISD,Prekindergarten - Grade 4,"110 Gladstell St, Conroe, TX 77301",110 Gladstell St,Conroe,TX,77301,(936) 709-3400,http://www.conroeisd.net/,605,2025-04-07T00:05:53.663750
ARNOLDO CANTU SR ELEM,Pharr-San Juan-Alamo ISD,Prekindergarten - Grade 5,"2900 N R Longoria, San Juan, TX 78589",2900 N R Longoria,San Juan,TX,78589,(956) 354-2850,http://psjaisd.us/,539,2025-04-07T00:05:53.663750
ARP ELEM,Arp ISD,Early Education - Grade 5,"16438 County Rd 294, Arp, TX 75750",16438 County Rd 294,Arp,TX,75750,(903) 859-4650,http://home.arpisd.org/,441,2025-04-07T00:05:53.663750
ARROW ACADEMY - CHAMPIONS ACADEMY,Arrow Academy,Kindergarten - Grade 6,"2700 FM 1960 Rd W, Houston, TX 77068",2700 FM 1960 Rd W,Houston,TX,77068,(832) 446-6762,http://www.arrowacademy.org/,63,2025-04-07T00:05:53.663750
ARROW ACADEMY - HARVEST PREPARATORY ACADEMY,Arrow Academy,Kindergarten - Grade 6,"17770 Imperial Valley Dr, Houston, TX 77060",17770 Imperial Valley Dr,Houston,TX,77060,(832) 446-3138,http://www.arrowacademy.org/,173,2025-04-07T00:05:53.663750
ARROW ACADEMY - LIBERATION ACADEMY,Arrow Academy,Kindergarten - Grade 6,"11600 W Airport Blvd, Meadows Place, TX 77477",11600 W Airport Blvd,Meadows Place,TX,77477,(346) 754-5867,http://www.arrowacademy.org/,272,2025-04-07T00:05:53.663750
ARROW ACADEMY - SAVE OUR STREETS CENTER,Arrow Academy,Kindergarten - Grade 6,"1700 Groesbeck St, Bryan, TX 77803",1700 Groesbeck St,Bryan,TX,77803,(979) 703-1810,http://www.arrowacademy.org/,101,2025-04-07T00:05:53.663750
ART AND PAT GOFORTH ELEM,Clear Creek ISD,Early Education - Grade 5,"2610 Webster Rd, League City, TX 77573",2610 Webster Rd,League City,TX,77573,(281) 284-6000,http://www.ccisd.net/,797,2025-04-07T00:05:53.663750
ARTHUR KRAMER ELEM,Dallas ISD,Early Education - Grade 5,"7131 Midbury Dr, Dallas, TX 75230",7131 Midbury Dr,Dallas,TX,75230,(972) 794-8300,http://www.dallasisd.org/kramer,474,2025-04-07T00:05:53.663750
ARTURO SALAZAR ELEM,Dallas ISD,Prekindergarten - Grade 5,"1120 S Ravinia Dr, Dallas, TX 75211",1120 S Ravinia Dr,Dallas,TX,75211,(972) 502-1800,http://www.dallasisd.org/salazar,431,2025-04-07T00:05:53.663750
ASCHER SILBERSTEIN ELEM,Dallas ISD,Prekindergarten - Grade 5,"5940 Hollis Ave, Dallas, TX 75227",5940 Hollis Ave,Dallas,TX,75227,(972) 794-1900,http://www.dallasisd.org/silberstein,557,2025-04-07T00:05:53.663750
ASHFORD ELEM,Houston ISD,Early Education - Grade 5,"1815 Shannon Vly Dr, Houston, TX 77077",1815 Shannon Vly Dr,Houston,TX,77077,(281) 368-2120,http://www.houstonisd.org/,564,2025-04-07T00:05:53.663750
ASHLEY ELEM,Frisco ISD,Kindergarten - Grade 5,"15601 Christopher Ln, Frisco, TX 75035",15601 Christopher Ln,Frisco,TX,75035,(469) 633-3700,http://www.friscoisd.org/,652,2025-04-07T00:05:53.663750
ASHWORTH ELEM,Arlington ISD,Prekindergarten - Grade 6,"6700 Silo Rd, Arlington, TX 76002",6700 Silo Rd,Arlington,TX,76002,(682) 867-4800,http://www.aisd.net/ashworth-elementary,367,2025-04-07T00:05:53.663750
ASKEW ELEM,Houston ISD,Prekindergarten - Grade 5,"11200 Wood Lodge Dr, Houston, TX 77077",11200 Wood Lodge Dr,Houston,TX,77077,(281) 368-2100,http://www.houstonisd.org/,886,2025-04-07T00:05:53.663750
ATASCOCITA SPRINGS ELEM,Humble ISD,Early Education - Grade 5,"13515 Valley Lodge Pkwy, Humble, TX 77346",13515 Valley Lodge Pkwy,Humble,TX,77346,(281) 641-3600,http://www.humbleisd.net/ase,958,2025-04-07T00:05:53.663750
ATHERTON ELEM,Houston ISD,Prekindergarten - Grade 5,"2011 Solo St, Houston, TX 77020",2011 Solo St,Houston,TX,77020,(713) 671-4100,http://www.houstonisd.org/,446,2025-04-07T00:05:53.663750
ATHERTON ELEM,Arlington ISD,Prekindergarten - Grade 6,"2101 Overbrook Dr, Arlington, TX 76014",2101 Overbrook Dr,Arlington,TX,76014,(682) 867-4900,http://www.aisd.net/atherton-elementary,558,2025-04-07T00:05:53.663750
ATLANTA PRI,Atlanta ISD,Early Education - Grade 2,"505 Rabbit Blvd, Atlanta, TX 75551",505 Rabbit Blvd,Atlanta,TX,75551,(903) 796-8115,http://www.atlisd.net/,592,2025-04-07T00:05:53.663750
ATWOOD MCDONALD ELEM,Fort Worth ISD,Early Education - Grade 5,"1850 Barron Ln, Fort Worth, TX 76112",1850 Barron Ln,Fort Worth,TX,76112,(817) 496-7445,http://www.fortworthisd.org/,388,2025-04-07T00:05:53.663750
AUDELIA CREEK ELEM,Richardson ISD,Prekindergarten - Grade 6,"12600 Audelia, Dallas, TX 75243",12600 Audelia,Dallas,TX,75243,(469) 593-2900,http://risd.org/,569,2025-04-07T00:05:53.663750
AUDRE AND BERNARD RAPOPORT ACADEMY,Rapoport Academy Public School,Prekindergarten - Grade 4,"2000 J J Flewellen Rd, Waco, TX 76704",2000 J J Flewellen Rd,Waco,TX,76704,(254) 799-4191,http://www.rapoportacademy.org/,401,2025-04-07T00:05:53.663750
AUE ELEM,Northside ISD,Early Education - Grade 5,"24750 Baywater Stage, San Antonio, TX 78255",24750 Baywater Stage,San Antonio,TX,78255,(210) 397-6750,http://auees.nisd.net/,594,2025-04-07T00:05:53.663750
AUGUSTO GUERRA ELEM,Pharr-San Juan-Alamo ISD,Prekindergarten - Grade 5,"807 Fm495, Alamo, TX 78516",807 Fm495,Alamo,TX,78516,(956) 354-2810,http://psjaisd.us/,604,2025-04-07T00:05:53.663750
AULT ELEM,Cypress-Fairbanks ISD,Early Education - Grade 5,"21010 Maple Village Dr, Cypress, TX 77429",21010 Maple Village Dr,Cypress,TX,77429,(281) 373-2800,http://www.cfisd.net/,961,2025-04-07T00:05:53.663750
AUSTIN ACHIEVE ELEM,Austin Achieve Public Schools,Prekindergarten - Grade 4,"7424 E Hwy 290 Bldg 1, Austin, TX 78723",7424 E Hwy 290 Bldg 1,Austin,TX,78723,(512) 522-4190,http://www.austinachieve.org/,945,2025-04-07T00:05:53.663750
AUSTIN ACHIEVE PARMER,Austin Achieve Public Schools,Prekindergarten - Grade 6,"7424 E Hwy 290 Building 1, Austin, TX 78723",7424 E Hwy 290 Building 1,Austin,TX,78723,(512) 522-4190,http://austinachieve.org/,144,2025-04-07T00:05:53.663750
AUSTIN DISCOVERY SCH,Austin Discovery School,Kindergarten - Grade 8,"9303 FM 969 Rd, Austin, TX 78724",9303 FM 969 Rd,Austin,TX,78724,(512) 674-0700,http://www.austindiscoveryschool.org/,430,2025-04-07T00:05:53.663750
AUSTIN ELEM,Harlingen CISD,Early Education - Grade 5,"700 E Austin Ave, Harlingen, TX 78550",700 E Austin Ave,Harlingen,TX,78550,(956) 427-3060,http://www.hcisd.org/austin,328,2025-04-07T00:05:53.663750
AUSTIN ELEM,Mesquite ISD,Prekindergarten - Grade 5,"3020 Poteet Dr, Mesquite, TX 75150",3020 Poteet Dr,Mesquite,TX,75150,(972) 882-7220,http://www.mesquiteisd.org/,328,2025-04-07T00:05:53.663750
AUSTIN ELEM,Coppell ISD,Early Education - Grade 5,"161 S Moore, Coppell, TX 75019",161 S Moore,Coppell,TX,75019,(214) 496-7300,http://www.coppellisd.com/,458,2025-04-07T00:05:53.663750
AUSTIN ELEM,Pampa ISD,Prekindergarten - Grade 5,"1900 Duncan, Pampa, TX 79065",1900 Duncan,Pampa,TX,79065,(806) 669-4760,http://www.pampaisd.net/,448,2025-04-07T00:05:53.663750
AUSTIN ELEM,Dayton ISD,Kindergarten - Grade 5,"701 W Houston, Dayton, TX 77535",701 W Houston,Dayton,TX,77535,(936) 258-2535,http://www.daytonisd.net/,741,2025-04-07T00:05:53.663750
AUSTIN ELEM,Conroe ISD,Early Education - Grade 4,"14796 Hwy 105 E, Conroe, TX 77306",14796 Hwy 105 E,Conroe,TX,77306,(936) 709-8400,http://www.conroeisd.net/,806,2025-04-07T00:05:53.663750
AUSTIN ELEM,Weatherford ISD,Kindergarten - Grade 5,"1776 Texas Dr, Weatherford, TX 76086",1776 Texas Dr,Weatherford,TX,76086,(817) 598-2848,http://www.weatherfordisd.com/,503,2025-04-07T00:05:53.663750
AUSTIN ELEM,Gregory-Portland ISD,Early Education - Grade 5,"308 N Gregory Ave, Gregory, TX 78359",308 N Gregory Ave,Gregory,TX,78359,(361) 777-4252,http://www.g-pisd.org/,487,2025-04-07T00:05:53.663750
AUSTIN ELEM,Abilene ISD,Kindergarten - Grade 5,"2341 Greenbriar Dr, Abilene, TX 79605",2341 Greenbriar Dr,Abilene,TX,79605,(325) 690-3920,http://www.abileneisd.org/,680,2025-04-07T00:05:53.663750
AUSTIN ELEM,San Angelo ISD,Early Education - Grade 5,"700 N Van Buren St, San Angelo, TX 76901",700 N Van Buren St,San Angelo,TX,76901,(325) 659-3636,http://austin.saisd.org/,368,2025-04-07T00:05:53.663750
AUSTIN PARKWAY ELEM,Fort Bend ISD,Kindergarten - Grade 5,"4400 Austin Pkwy, Sugar Land, TX 77479",4400 Austin Pkwy,Sugar Land,TX,77479,(281) 634-4001,http://www.fortbendisd.com/ape,620,2025-04-07T00:05:53.663750
AUSTWELL-TIVOLI ELEM,Austwell-Tivoli ISD,Prekindergarten - Grade 6,"207 Redfish St, Tivoli, TX 77990",207 Redfish St,Tivoli,TX,77990,(361) 286-3212,http://atisd.net/,72,2025-04-07T00:05:53.663750
AUTUMN CREEK ELEM,Humble ISD,Early Education - Grade 5,"14910 Woodland Dawn, Humble, TX 77338",14910 Woodland Dawn,Humble,TX,77338,(281) 641-8813,http://humbleisd.net/,586,2025-04-07T00:05:53.663750
AVALON SCHOOL,Avalon ISD,Prekindergarten - Grade 12,"104 FM 55, Avalon, TX 76623",104 FM 55,Avalon,TX,76623,(972) 627-3251,http://avalon.tx.schoolwebpages.com/,339,2025-04-07T00:05:53.663750
AVERY ELEM,Avery ISD,Prekindergarten - Grade 5,"150 San Antonio St, Avery, TX 75554",150 San Antonio St,Avery,TX,75554,(903) 684-3116,http://www.averyisd.net/,177,2025-04-07T00:05:53.663750
AVINGER SCHOOL,Avinger ISD,Prekindergarten - Grade 12,"245 Connor St, Avinger, TX 75630",245 Connor St,Avinger,TX,75630,(903) 562-1355,http://www.avingerisd.net/,137,2025-04-07T00:05:53.663750
AVONDALE ELEM,Amarillo ISD,Early Education - Grade 5,"1500 Avondale, Amarillo, TX 79106",1500 Avondale,Amarillo,TX,79106,(806) 326-4000,http://avondaleamaisd.sharpschool.com/,560,2025-04-07T00:05:53.663750
B H HAMBLEN ELEM,Channelview ISD,Kindergarten - Grade 5,"1019 Dell Dale St, Channelview, TX 77530",1019 Dell Dale St,Channelview,TX,77530,(281) 457-8720,http://www.cvisd.org/,938,2025-04-07T00:05:53.663750
B H MACON ELEM,Dallas ISD,Early Education - Grade 5,"650 Holcomb Rd, Dallas, TX 75217",650 Holcomb Rd,Dallas,TX,75217,(972) 794-1500,http://www.dallasisd.org/macon,502,2025-04-07T00:05:53.663750
BACK ELEM,Garland ISD,Prekindergarten - Grade 5,"7300 Bluebonnet Dr, Rowlett, TX 75088",7300 Bluebonnet Dr,Rowlett,TX,75088,(972) 475-1884,http://www.garlandisd.net/back,405,2025-04-07T00:05:53.663750
BAILEY INGLISH EARLY CHILDHOOD CENTER,Bonham ISD,Early Education - Prekindergarten,"201 E 10th St, Bonham, TX 75418",201 E 10th St,Bonham,TX,75418,(903) 583-8141,http://bonhamisd.org/,153,2025-04-07T00:05:53.663750
BAIRD ELEM,Baird ISD,Early Education - Grade 5,"400 W 7th St, Baird, TX 79504",400 W 7th St,Baird,TX,79504,(325) 854-1400,http://www.bairdisd.net/,151,2025-04-07T00:05:53.663750
BALDWIN ELEM,Austin ISD,Early Education - Grade 5,"12200 Meridian Park Blvd, Austin, TX 78739",12200 Meridian Park Blvd,Austin,TX,78739,(512) 841-8900,http://www.austinisd.org/schools/baldwin,592,2025-04-07T00:05:53.663750
BALL EARLY CHILDHOOD CENTER,Seguin ISD,Early Education - Prekindergarten,"812 Shannon Ave, Seguin, TX 78155",812 Shannon Ave,Seguin,TX,78155,(830) 401-1281,http://www.seguin.k12.tx.us/,324,2025-04-07T00:05:53.663750
BALLINGER ELEM,Ballinger ISD,Prekindergarten - Grade 5,"800 Broad Ave, Ballinger, TX 76821",800 Broad Ave,Ballinger,TX,76821,(325) 365-3527,http://www.ballingerisd.net/,372,2025-04-07T00:05:53.663750
BALMORHEA SCHOOL,Balmorhea ISD,Prekindergarten - Grade 12,"1st & El Paso St, Balmorhea, TX 79718",1st & El Paso St,Balmorhea,TX,79718,(432) 375-2224,http://bisdbears.esc18.net/,148,2025-04-07T00:05:53.663750
BAMMEL ELEM,Spring ISD,Early Education - Grade 5,"17309 Red Oak Dr, Houston, TX 77090",17309 Red Oak Dr,Houston,TX,77090,(281) 891-8150,http://www.springisd.org/baes/,747,2025-04-07T00:05:53.663750
BANE ELEM,Cypress-Fairbanks ISD,Prekindergarten - Grade 5,"5805 Kaiser St, Houston, TX 77040",5805 Kaiser St,Houston,TX,77040,(713) 460-6140,http://www.cfisd.net/,755,2025-04-07T00:05:53.663750
BANG ELEM,Cypress-Fairbanks ISD,Early Education - Grade 5,"8900 Rio Grande, Houston, TX 77064",8900 Rio Grande,Houston,TX,77064,(281) 897-4760,http://www.cfisd.net/,904,2025-04-07T00:05:53.663750
BARANOFF ELEM,Austin ISD,Kindergarten - Grade 5,"12009 Buckingham Gate Rd, Austin, TX 78748",12009 Buckingham Gate Rd,Austin,TX,78748,(512) 841-7100,http://www.austinisd.org/schools/baranoff,783,2025-04-07T00:05:53.663750
BARBARA BUSH PRI,Sulphur Springs ISD,Kindergarten - Grade 3,"390 N Hillcrest, Sulphur Springs, TX 75482",390 N Hillcrest,Sulphur Springs,TX,75482,(903) 439-6170,http://www.ssisd.net/,336,2025-04-07T00:05:53.663750
BARBARA COCKRELL ELEM,Pearland ISD,Early Education - Grade 4,"3500 Mchard Rd, Pearland, TX 77581",3500 Mchard Rd,Pearland,TX,77581,(832) 736-6600,http://www.pearlandisd.org/cockrell,734,2025-04-07T00:05:53.663750
BARBARA FASKEN ELEM,Midland ISD,Prekindergarten - Grade 6,"5806 Val Verde, Midland, TX 79707",5806 Val Verde,Midland,TX,79707,(432) 240-8400,http://www.midlandisd.net/Domain/4551,885,2025-04-07T00:05:53.663750
BARBARA FASKEN ELEM,United ISD,Early Education - Grade 5,"11111 Atlanta Dr, Laredo, TX 78045",11111 Atlanta Dr,Laredo,TX,78045,(956) 473-4700,http://www.uisd.net/,705,2025-04-07T00:05:53.663750
BARBARA JORDAN ELEM,Dallas ISD,Prekindergarten - Grade 5,"1111 W Kiest Blvd, Dallas, TX 75224",1111 W Kiest Blvd,Dallas,TX,75224,(972) 925-8100,http://www.dallasisd.org/jordan,445,2025-04-07T00:05:53.663750
BARBARA JORDAN ELEM,Fort Bend ISD,Early Education - Grade 5,"17800 W Oaks Village Dr, Richmond, TX 77407",17800 W Oaks Village Dr,Richmond,TX,77407,(281) 634-2800,http://www.fortbendisd.com/bje,498,2025-04-07T00:05:53.663750
BARBARA YARBROUGH ELEM,Midland ISD,Early Education - Grade 6,"6000 Riverfront Dr, Midland, TX 79706",6000 Riverfront Dr,Midland,TX,79706,(432) 240-8500,http://www.midlandisd.net/Domain/4550,832,2025-04-07T00:05:53.663750
BARKSDALE ELEM,Plano ISD,Kindergarten - Grade 5,"2424 Midway, Plano, TX 75093",2424 Midway,Plano,TX,75093,(469) 752-0100,http://www.pisd.edu/,542,2025-04-07T00:05:53.663750
BARNES ELEM,Corpus Christi ISD,Early Education - Grade 5,"2829 Oso Pkwy, Corpus Christi, TX 78414",2829 Oso Pkwy,Corpus Christi,TX,78414,(361) 994-5051,http://barnes.ccisd.us/,623,2025-04-07T00:05:53.663750
BARRICK ELEM,Houston ISD,Prekindergarten - Grade 5,"12001 Winfrey Ln, Houston, TX 77076",12001 Winfrey Ln,Houston,TX,77076,(281) 405-2500,http://www.houstonisd.org/,541,2025-04-07T00:05:53.663750
BARRINGTON ELEM,Austin ISD,Prekindergarten - Grade 5,"400 Cooper Dr, Austin, TX 78753",400 Cooper Dr,Austin,TX,78753,(512) 414-2008,http://www.austinisd.org/schools/barrington,378,2025-04-07T00:05:53.663750
BARRINGTON PLACE ELEM,Fort Bend ISD,Early Education - Grade 5,"2100 Squire Dobbins Dr, Sugar Land, TX 77478",2100 Squire Dobbins Dr,Sugar Land,TX,77478,(281) 634-4040,http://www.fortbendisd.com/bpe,482,2025-04-07T00:05:53.663750
BARRON ELEM,Plano ISD,Prekindergarten - Grade 5,"3300 Ave P, Plano, TX 75074",3300 Ave P,Plano,TX,75074,(469) 752-0200,http://www.pisd.edu/,348,2025-04-07T00:05:53.663750
BARRON ELEM,El Paso ISD,Prekindergarten - Grade 5,"11155 Whitey Ford St, El Paso, TX 79934",11155 Whitey Ford St,El Paso,TX,79934,(915) 236-5075,http://barron.episd.org/,371,2025-04-07T00:05:53.663750
BARTON CREEK ELEM,Eanes ISD,Kindergarten - Grade 5,"1314 Patterson Rd, Austin, TX 78733",1314 Patterson Rd,Austin,TX,78733,(512) 732-9180,http://bce.eanesisd.net/,504,2025-04-07T00:05:53.663750
BARTON ELEM,Irving ISD,Prekindergarten - Grade 5,"2931 Conflans Rd, Irving, TX 75061",2931 Conflans Rd,Irving,TX,75061,(972) 600-4100,http://www.irvingisd.net/,859,2025-04-07T00:05:53.663750
BARTON HILLS ELEM,Austin ISD,Kindergarten - Grade 6,"2108 Barton Hills Dr, Austin, TX 78704",2108 Barton Hills Dr,Austin,TX,78704,(512) 414-2013,http://www.austinisd.org/schools/bartonhills,378,2025-04-07T00:05:53.663750
BASIS SAN ANTONIO PRI - NORTHEAST CAMPUS,Basis Texas,Kindergarten - Grade 4,"11550 I-35 Frontage Rd, San Antonio, TX 78233",11550 I-35 Frontage Rd,San Antonio,TX,78233,(210) 742-6310,http://basised.com/,361,2025-04-07T00:05:53.663750
BASIS SAN ANTONIO PRI- MEDICAL CENTER CAMPUS,Basis Texas,Kindergarten - Grade 5,"8519 Floyd Curl Dr, San Antonio, TX 78240",8519 Floyd Curl Dr,San Antonio,TX,78240,(210) 319-5525,http://basisedtx.com/,766,2025-04-07T00:05:53.663750
BASIS SAN ANTONIO- PRI NORTH CENTRAL CAMPUS,Basis Texas,Kindergarten - Grade 5,"318 E Ramsey Rd, San Antonio, TX 78216",318 E Ramsey Rd,San Antonio,TX,78216,(210) 775-4125,http://www.basissanantonionc.org/,701,2025-04-07T00:05:53.663750
BASSETTI ELEM,Abilene ISD,Kindergarten - Grade 5,"5749 Hwy 277 S, Abilene, TX 79606",5749 Hwy 277 S,Abilene,TX,79606,(325) 690-3720,http://www.abileneisd.org/,511,2025-04-07T00:05:53.663750
BASSWOOD ELEM,Keller ISD,Prekindergarten - Grade 5,"3100 Clay Mountain Trail, Fort Worth, TX 76137",3100 Clay Mountain Trail,Fort Worth,TX,76137,(817) 744-6500,http://www.kellerisd.net/,492,2025-04-07T00:05:53.663750
BASTIAN ELEM,Houston ISD,Prekindergarten - Grade 5,"5051 Bellfort, Houston, TX 77033",5051 Bellfort,Houston,TX,77033,(713) 732-5830,http://www.houstonisd.org/,664,2025-04-07T00:05:53.663750
BATESVILLE SCHOOL,Uvalde CISD,Early Education - Grade 6,"496 Garden St, Batesville, TX 78829",496 Garden St,Batesville,TX,78829,(830) 376-4221,http://batesville.uvaldecisd.net/,84,2025-04-07T00:05:53.663750
BATY ELEM,Del Valle ISD,Early Education - Grade 5,"2101 Faro Dr, Austin, TX 78741",2101 Faro Dr,Austin,TX,78741,(512) 386-3450,http://sites.dvisd.net/bes/,512,2025-04-07T00:05:53.663750
BAY COLONY ELEM,Dickinson ISD,Early Education - Grade 4,"101 Bay Colony Elementary Dr, Dickinson, TX 77539",101 Bay Colony Elementary Dr,Dickinson,TX,77539,(281) 229-6200,http://www.dickinsonisd.org/,662,2025-04-07T00:05:53.663750
BAY ELEM,Clear Creek ISD,Early Education - Grade 5,"1502 Bayport Blvd, Seabrook, TX 77568",1502 Bayport Blvd,Seabrook,TX,77568,(281) 284-4600,http://www.ccisd.net/,623,2025-04-07T00:05:53.663750
BAYLES ELEM,Dallas ISD,Prekindergarten - Grade 5,"2444 Telegraph Ave, Dallas, TX 75228",2444 Telegraph Ave,Dallas,TX,75228,(972) 749-8900,http://www.dallasisd.org/bayles,391,2025-04-07T00:05:53.663750
BEAR BRANCH ELEM,Humble ISD,Kindergarten - Grade 5,"3500 Garden Lk, Kingwood, TX 77339",3500 Garden Lk,Kingwood,TX,77339,(281) 641-1600,http://www.humbleisd.net/bbe,638,2025-04-07T00:05:53.663750
BEAR BRANCH ELEM,Magnolia ISD,Early Education - Grade 4,"8909 FM 1488, Magnolia, TX 77354",8909 FM 1488,Magnolia,TX,77354,(281) 356-4771,http://bbes.magnoliaisd.org/,566,2025-04-07T00:05:53.663750
BEAR CREEK ELEM,Katy ISD,Early Education - Grade 5,"4815 Hickory Downs Dr, Houston, TX 77084",4815 Hickory Downs Dr,Houston,TX,77084,(281) 237-5606,http://www.katyisd.org/,664,2025-04-07T00:05:53.663750
BEAR CREEK ELEM,Austin ISD,Prekindergarten - Grade 5,"12801 Escarpment Blvd, Austin, TX 78739",12801 Escarpment Blvd,Austin,TX,78739,(512) 414-0040,http://www.austinisd.org/schools/bearcreek,540,2025-04-07T00:05:53.663750
BEASLEY ELEM,Mesquite ISD,Early Education - Grade 5,"919 Green Canyon Dr, Mesquite, TX 75150",919 Green Canyon Dr,Mesquite,TX,75150,(972) 882-5160,http://www.mesquiteisd.org/,394,2025-04-07T00:05:53.663750
BEASLEY ELEM,Lamar CISD,Early Education - Grade 5,"7511 Ave J, Beasley, TX 77417",7511 Ave J,Beasley,TX,77417,(832) 223-1100,http://www.lcisd.org/campuses/beasley/home,414,2025-04-07T00:05:53.663750
BEATY EARLY CHILDHOOD SCHOOL,Plano ISD,Early Education - Prekindergarten,"1717 Nevada Dr, Plano, TX 75093",1717 Nevada Dr,Plano,TX,75093,(469) 752-4200,http://www.pisd.edu/,277,2025-04-07T00:05:53.663750
BEAVER TECHNOLOGY CENTER,Garland ISD,Kindergarten - Grade 5,"3232 March Ln, Garland, TX 75042",3232 March Ln,Garland,TX,75042,(972) 494-8301,http://www.garlandisd.net/beaver,539,2025-04-07T00:05:53.663750
BECKER ELEM,Austin ISD,Prekindergarten - Grade 5,"906 W Milton, Austin, TX 78704",906 W Milton,Austin,TX,78704,(512) 414-2019,http://www.austinisd.org/schools/becker,441,2025-04-07T00:05:53.663750
BECKVILLE SUNSET ELEM,Beckville ISD,Early Education - Grade 5,"4378 Sh 149, Beckville, TX 75631",4378 Sh 149,Beckville,TX,75631,(903) 678-3601,http://www.beckvilleisd.net/,335,2025-04-07T00:05:53.663750
BEL AIR ELEM,Athens ISD,Prekindergarten - Grade 5,"215 Willowbrook Dr, Athens, TX 75751",215 Willowbrook Dr,Athens,TX,75751,(903) 677-6980,http://www.athensisd.net/,446,2025-04-07T00:05:53.663750
BEL NAFEGAR SANCHEZ ELEM,Alvin ISD,Early Education - Grade 5,"1721 Sterling Lakes W Dr, Rosharon, TX 77583",1721 Sterling Lakes W Dr,Rosharon,TX,77583,(281) 388-1130,http://www.alvinisd.net/Domain/6753,717,2025-04-07T00:05:53.663750
BELAIRE ELEM,San Angelo ISD,Prekindergarten - Grade 5,"700 Stephens St, San Angelo, TX 76905",700 Stephens St,San Angelo,TX,76905,(325) 659-3639,http://belaire.saisd.org/,318,2025-04-07T00:05:53.663750
BELL ELEM,Houston ISD,Early Education - Grade 5,"12323 Shaftsbury Dr, Houston, TX 77031",12323 Shaftsbury Dr,Houston,TX,77031,(281) 983-2800,http://www.houstonisd.org/,579,2025-04-07T00:05:53.663750
BELL'S HILL ELEM,Waco ISD,Prekindergarten - Grade 5,"2100 Ross, Waco, TX 76706",2100 Ross,Waco,TX,76706,(254) 754-4171,http://bellshill.wacoisd.org/cms/One.aspx,757,2025-04-07T00:05:53.663750
BELLEVUE SCHOOL,Bellevue ISD,Prekindergarten - Grade 12,"500 Seventh St, Bellevue, TX 76228",500 Seventh St,Bellevue,TX,76228,(940) 928-2104,http://www.bellevueisd.org/,151,2025-04-07T00:05:53.663750
BELLFORT EARLY CHILDHOOD CENTER,Houston ISD,Early Education - Kindergarten,"7647 Bellfort, Houston, TX 77061",7647 Bellfort,Houston,TX,77061,(713) 640-0950,http://www.houstonisd.org/,366,2025-04-07T00:05:53.663750
BELMAR ELEM,Amarillo ISD,Early Education - Grade 5,"6324 Adirondack, Amarillo, TX 79106",6324 Adirondack,Amarillo,TX,79106,(806) 326-4050,http://belmaramaisd.sharpschool.com/,363,2025-04-07T00:05:53.663750
BELTON EARLY CHILDHOOD SCHOOL,Belton ISD,Early Education - Prekindergarten,"501 E 4th, Belton, TX 76513",501 E 4th,Belton,TX,76513,(254) 215-3700,http://www.bisd.net/,419,2025-04-07T00:05:53.663750
BEN BOLT-PALITO BLANCO ELEM,Ben Bolt-Palito Blanco ISD,Prekindergarten - Grade 6,"401 Whitney Dr, Alice, TX 78332",401 Whitney Dr,Alice,TX,78332,(361) 664-9568,http://www.bbpbschools.net/,260,2025-04-07T00:05:53.663750
BEN MILAM ELEM,Harlingen CISD,Early Education - Grade 5,"1215 Rangerville Rd, Harlingen, TX 78550",1215 Rangerville Rd,Harlingen,TX,78550,(956) 427-3150,http://www.hcisd.org/milam,409,2025-04-07T00:05:53.663750
BEN MILAM ELEM,Dallas ISD,Prekindergarten - Grade 5,"4200 McKinney Ave, Dallas, TX 75205",4200 McKinney Ave,Dallas,TX,75205,(972) 749-5600,http://www.dallasisd.org/milam,274,2025-04-07T00:05:53.663750
BEN MILAM ELEM,Cameron ISD,Prekindergarten - Grade 2,"1100 E 21st St, Cameron, TX 76520",1100 E 21st St,Cameron,TX,76520,(254) 697-3641,http://www.cameronisd.net/,412,2025-04-07T00:05:53.663750
BENAVIDES ELEM,Brownsville ISD,Early Education - Grade 5,"3101 Mcallen Rd, Brownsville, TX 78520",3101 Mcallen Rd,Brownsville,TX,78520,(956) 350-3250,http://www.bisd.us/benavides/,828,2025-04-07T00:05:53.663750
BENAVIDES ELEM,Benavides ISD,Early Education - Grade 6,"106 W School St, Benavides, TX 78341",106 W School St,Benavides,TX,78341,(361) 256-3030,http://www.benavidesisd.net/,117,2025-04-07T00:05:53.663750
BENAVIDEZ ELEM,Houston ISD,Early Education - Grade 5,"6262 Gulfton St, Houston, TX 77081",6262 Gulfton St,Houston,TX,77081,(713) 778-3350,http://www.houstonisd.org/,920,2025-04-07T00:05:53.663750
BENBROOK ELEM,Houston ISD,Prekindergarten - Grade 5,"4026 Bolin Rd, Houston, TX 77092",4026 Bolin Rd,Houston,TX,77092,(713) 613-2502,http://www.houstonisd.org/,461,2025-04-07T00:05:53.663750
BENBROOK ELEM,Fort Worth ISD,Prekindergarten - Grade 5,"800 Mercedes St, Fort Worth, TX 76126",800 Mercedes St,Fort Worth,TX,76126,(817) 815-6400,http://www.fortworthisd.org/,465,2025-04-07T00:05:53.663750
BENDWOOD SCHOOL,Spring Branch ISD,Early Education - Early Education,"12750 Kimberley, Houston, TX 77024",12750 Kimberley,Houston,TX,77024,(713) 251-5200,http://bwe.springbranchisd.com/,33,2025-04-07T00:05:53.663750
BENEKE ELEM,Spring ISD,Early Education - Grade 5,"3840 Briarchase Dr, Houston, TX 77014",3840 Briarchase Dr,Houston,TX,77014,(281) 891-8450,http://www.springisd.org/bees/,638,2025-04-07T00:05:53.663750
BENFER ELEM,Klein ISD,Early Education - Grade 5,"18027b Kuykendahl Rd, Klein, TX 77379",18027b Kuykendahl Rd,Klein,TX,77379,(832) 484-6000,http://www.kleinisd.net/,796,2025-04-07T00:05:53.663750
BENIGNUS ELEM,Klein ISD,Early Education - Grade 5,"7225 Alvin A Klein Dr, Klein, TX 77379",7225 Alvin A Klein Dr,Klein,TX,77379,(832) 484-7750,http://www.kleinisd.net/,605,2025-04-07T00:05:53.663750
BENITO MARTINEZ ELEM,Socorro ISD,Prekindergarten - Grade 5,"2640 Robert Wynn, El Paso, TX 79936",2640 Robert Wynn,El Paso,TX,79936,(915) 937-8000,http://www.sisd.net/,572,2025-04-07T00:05:53.663750
BENITO MARTINEZ ELEM,Ft Hancock ISD,Prekindergarten - Grade 5,"100 School Dr, Ft Hancock, TX 79839",100 School Dr,Ft Hancock,TX,79839,(915) 769-3913,http://www.forthancockisd.net/,184,2025-04-07T00:05:53.663750
BENJAMIN SCHOOL,Benjamin ISD,Prekindergarten - Grade 12,"300 Hays St, Benjamin, TX 79505",300 Hays St,Benjamin,TX,79505,(940) 459-2231,http://www.benjaminisd.net/,133,2025-04-07T00:05:53.663750
BENS BRANCH ELEM,New Caney ISD,Early Education - Grade 5,"24160 Briar Berry Ln, Porter, TX 77365",24160 Briar Berry Ln,Porter,TX,77365,(281) 577-8700,http://www.newcaneyisd.org/,660,2025-04-07T00:05:53.663750
BENTLEY ELEM,Lamar CISD,Early Education - Grade 5,"9910 FM 359, Richmond, TX 77406",9910 FM 359,Richmond,TX,77406,(832) 223-4900,http://lcisd.org/,938,2025-04-07T00:05:53.663750
BERKSHIRE ELEM,Northwest ISD,Early Education - Grade 5,"10301 Berkshire Lake Blvd, Fort Worth, TX 76131",10301 Berkshire Lake Blvd,Fort Worth,TX,76131,(817) 215-0000,http://berkshire.nisdtx.org/,601,2025-04-07T00:05:53.663750
BERRY ELEM,Houston ISD,Prekindergarten - Grade 5,"2310 Berry Rd, Houston, TX 77093",2310 Berry Rd,Houston,TX,77093,(713) 696-2700,http://www.houstonisd.org/,757,2025-04-07T00:05:53.663750
BERTRAM ELEM,Burnet CISD,Prekindergarten - Grade 5,"315 Main, Bertram, TX 78605",315 Main,Bertram,TX,78605,(512) 355-2111,http://www.burnetcisd.net/,442,2025-04-07T00:05:53.663750
BESS CAMPBELL ELEM,Lamar CISD,Early Education - Grade 5,"1000 Shadow Bend Dr, Sugar Land, TX 77479",1000 Shadow Bend Dr,Sugar Land,TX,77479,(832) 223-1300,http://www.lcisd.org/,497,2025-04-07T00:05:53.663750
BESS RACE ELEM,Crowley ISD,Prekindergarten - Grade 5,"537 S Hts Dr, Crowley, TX 76036",537 S Hts Dr,Crowley,TX,76036,(817) 297-5080,http://www.crowley.k12.tx.us/,662,2025-04-07T00:05:53.663750
BEST ELEM,Alief ISD,Prekindergarten - Grade 4,"10000 Centre Pkwy, Houston, TX 77036",10000 Centre Pkwy,Houston,TX,77036,(713) 988-6445,http://www.aliefisd.net/,765,2025-04-07T00:05:53.663750
BETA ACADEMY,Beta Academy,Prekindergarten - Grade 2,"9701 Almeda Genoa Rd, Houston, TX 77075",9701 Almeda Genoa Rd,Houston,TX,77075,(832) 331-2460,http://betaacademy.org/,584,2025-04-07T00:05:53.663750
BETHANY ELEM,Plano ISD,Kindergarten - Grade 5,"2418 Micarta Dr, Plano, TX 75025",2418 Micarta Dr,Plano,TX,75025,(469) 752-0300,http://www.pisd.edu/,257,2025-04-07T00:05:53.663750
BETHKE ELEM,Katy ISD,Early Education - Grade 5,"4535 E Ventana Pkwy, Katy, TX 77493",4535 E Ventana Pkwy,Katy,TX,77493,(281) 234-4200,http://www.katyisd.org/,"1,152",2025-04-07T00:05:53.663750
BETTE PEROT ELEM,Keller ISD,Kindergarten - Grade 4,"9345 General Worth Dr, Keller, TX 76244",9345 General Worth Dr,Keller,TX,76244,(817) 744-4600,http://www.kellerisd.net/,559,2025-04-07T00:05:53.663750
BETTY M CONDRA SCHOOL FOR EDUCATION INNOVATION,Betty M Condra School for Education Innovation,Kindergarten - Grade 5,"1421 9th St, Lubbock, TX 79401",1421 9th St,Lubbock,TX,79401,(806) 407-0878,http://www.condraschool.com/,185,2025-04-07T00:05:53.663750
BEVERLY CHEATHAM ELEM,Allen ISD,Early Education - Grade 6,"1501 Hopewell Dr, Allen, TX 75013",1501 Hopewell Dr,Allen,TX,75013,(972) 396-3016,http://www.allenisd.org/cheathames/site/default,747,2025-04-07T00:05:53.663750
BEVERLY ELEM,Plano ISD,Kindergarten - Grade 5,"715 Duchess Dr, Allen, TX 75013",715 Duchess Dr,Allen,TX,75013,(469) 752-0400,http://www.pisd.edu/,360,2025-04-07T00:05:53.663750
BEXAR COUNTY ACADEMY,Bexar County Academy,Prekindergarten - Grade 8,"1481 Hillcrest Dr, San Antonio, TX 78228",1481 Hillcrest Dr,San Antonio,TX,78228,(210) 432-8600,http://bexarcountyacademy.org/,261,2025-04-07T00:05:53.663750
BIG BEND HS,Terlingua CSD,Prekindergarten - Grade 12,"550 Roadrunner Cir, Terlingua, TX 79852",550 Roadrunner Cir,Terlingua,TX,79852,(432) 371-2281,http://www.terlinguacsd.com/,111,2025-04-07T00:05:53.663750
BIG SANDY ELEM,Big Sandy ISD,Early Education - Grade 5,"401 Wildcat Dr, Big Sandy, TX 75755",401 Wildcat Dr,Big Sandy,TX,75755,(903) 636-5287,http://www.bigsandyisd.org/,313,2025-04-07T00:05:53.663750
BIG SANDY SCHOOL,Big Sandy ISD,Prekindergarten - Grade 12,"9180 FM 1276, Dallardsville, TX 77332",9180 FM 1276,Dallardsville,TX,77332,(936) 563-1000,http://www.bigsandyisd.net/,529,2025-04-07T00:05:53.663750
BIG SPRINGS CHARTER SCHOOL,Big Springs Charter School,Kindergarten - Grade 12,"10664 N US Hwy 83, Leakey, TX 78873",10664 N US Hwy 83,Leakey,TX,78873,(830) 232-7101,http://www.bscsk12.com/,117,2025-04-07T00:05:53.663750
BIG SPRINGS ELEM,Richardson ISD,Early Education - Grade 6,"3301 W Campbell Rd, Garland, TX 75044",3301 W Campbell Rd,Garland,TX,75044,(469) 593-8100,http://risd.org/,365,2025-04-07T00:05:53.663750
BILL CHILDRESS ELEM,Canutillo ISD,Prekindergarten - Grade 5,"7700 Cap Carter Rd, Vinton, TX 79821",7700 Cap Carter Rd,Vinton,TX,79821,(915) 877-7700,http://www.canutillo-isd.org/,410,2025-04-07T00:05:53.663750
BILL HASSE ELEM,Alvin ISD,Early Education - Grade 5,"1200 E House St, Alvin, TX 77511",1200 E House St,Alvin,TX,77511,(281) 585-3397,http://www.alvinisd.net/Domain/15,632,2025-04-07T00:05:53.663750
BILL J ELLIOTT ELEM,Fort Worth ISD,Early Education - Grade 5,"2501 Cooks Ln, Fort Worth, TX 76120",2501 Cooks Ln,Fort Worth,TX,76120,(817) 815-4600,http://www.fortworthisd.org/,378,2025-04-07T00:05:53.663750
BILL SYBERT SCHOOL,Socorro ISD,Prekindergarten - Grade 8,"11530 Edgemere Blvd, El Paso, TX 79936",11530 Edgemere Blvd,El Paso,TX,79936,(915) 937-4400,http://www.sisd.net/,777,2025-04-07T00:05:53.663750
BILLIE STEVENSON ELEM,Rockwall ISD,Early Education - Grade 6,"636 Stevenson Dr, Fate, TX 75087",636 Stevenson Dr,Fate,TX,75087,(469) 698-7474,http://www.rockwallisd.com/Domain/16,703,2025-04-07T00:05:53.663750
BINGMAN PK,Beaumont ISD,Early Education - Prekindergarten,"5265 S Kenneth St, Beaumont, TX 77705",5265 S Kenneth St,Beaumont,TX,77705,(409) 617-6200,http://www.bmtisd.com/Bingman,452,2025-04-07T00:05:53.663750
BIRD EDUCATION CENTER,Plano ISD,Kindergarten - Grade 6,"1300 19th St, Plano, TX 75074",1300 19th St,Plano,TX,75074,(469) 752-8100,http://www.pisd.edu/,"1,046",2025-04-07T00:05:53.663750
BIRDIE ALEXANDER ELEM,Dallas ISD,Early Education - Grade 5,"1830 Goldwood Dr, Dallas, TX 75232",1830 Goldwood Dr,Dallas,TX,75232,(972) 749-3100,http://www.dallasisd.org/alexander,289,2025-04-07T00:05:53.663750
BIRDVILLE ELEM,Birdville ISD,Early Education - Grade 5,"3111 Carson St, Haltom City, TX 76117",3111 Carson St,Haltom City,TX,76117,(817) 547-1500,http://www.birdvilleschools.net/,419,2025-04-07T00:05:53.663750
BIRKES ELEM,Cypress-Fairbanks ISD,Early Education - Grade 5,"8500 Queenston Blvd, Houston, TX 77095",8500 Queenston Blvd,Houston,TX,77095,(281) 345-3300,http://www.cfisd.net/,"1,022",2025-04-07T00:05:53.663750
BIRNHAM WOODS ELEM,Conroe ISD,Early Education - Grade 4,"31150 Birnham Woods Dr, Spring, TX 77386",31150 Birnham Woods Dr,Spring,TX,77386,(832) 663-4200,http://www.conroeisd.net/,967,2025-04-07T00:05:53.663750
BISHOP ARTS STEAM ACADEMY,Dallas ISD,Early Education - Grade 5,"201 N Adams Ave, Dallas, TX 75208",201 N Adams Ave,Dallas,TX,75208,(972) 502-8200,http://www.dallasisd.org/reagan,275,2025-04-07T00:05:53.663750
BISHOP PRI,Bishop CISD,Early Education - Grade 2,"705 W Main St, Bishop, TX 78343",705 W Main St,Bishop,TX,78343,(361) 584-2434,http://www.bishopcisd.net/,230,2025-04-07T00:05:53.663750
BIVINS ELEM,Amarillo ISD,Prekindergarten - Grade 5,"1500 S Fannin, Amarillo, TX 79102",1500 S Fannin,Amarillo,TX,79102,(806) 326-4100,http://bivinsamaisd.sharpschool.com/,464,2025-04-07T00:05:53.663750
BLACK ELEM,Mesquite ISD,Early Education - Grade 5,"328 E Newsom St, Mesquite, TX 75149",328 E Newsom St,Mesquite,TX,75149,(972) 882-7240,http://www.mesquiteisd.org/,643,2025-04-07T00:05:53.663750
BLACK ELEM,Cypress-Fairbanks ISD,Early Education - Grade 5,"14155 Grant Rd, Cypress, TX 77429",14155 Grant Rd,Cypress,TX,77429,(281) 320-7145,http://www.cfisd.net/,"1,129",2025-04-07T00:05:53.663750
BLACKLAND PRAIRIE ELEM,Round Rock ISD,Early Education - Grade 5,"2105 Via Sonoma Trl, Round Rock, TX 78664",2105 Via Sonoma Trl,Round Rock,TX,78664,(512) 424-8600,http://schools.roundrockisd.org/bkldprairie/,637,2025-04-07T00:05:53.663750
BLACKSHEAR ELEM,Houston ISD,Early Education - Grade 5,"2900 Holman Ave, Houston, TX 77004",2900 Holman Ave,Houston,TX,77004,(713) 942-1481,http://www.houstonisd.org/,289,2025-04-07T00:05:53.663750
BLACKSHEAR ELEM,Austin ISD,Prekindergarten - Grade 5,"1712 E 11th St, Austin, TX 78702",1712 E 11th St,Austin,TX,78702,(512) 414-2021,http://www.austinisd.org/schools/blackshear,287,2025-04-07T00:05:53.663750
BLAIR ELEM,Carrollton-Farmers Branch ISD,Prekindergarten - Grade 5,"14055 Heartside Dr, Farmers Branch, TX 75234",14055 Heartside Dr,Farmers Branch,TX,75234,(972) 968-1000,http://www.cfbisd.edu/,500,2025-04-07T00:05:53.663750
BLAKE MANOR ELEM,Manor ISD,Kindergarten - Grade 6,"18010 Blake Manor Rd, Manor, TX 78653",18010 Blake Manor Rd,Manor,TX,78653,(512) 278-4200,http://bme.manorisd.net/,435,2025-04-07T00:05:53.663750
BLANCA E SANCHEZ,McAllen ISD,Prekindergarten - Grade 5,"2901 Incarnate Word, McAllen, TX 78504",2901 Incarnate Word,McAllen,TX,78504,(956) 971-1100,http://sanchez.mcallenisd.org/,487,2025-04-07T00:05:53.663750
BLANCO ELEM,Blanco ISD,Early Education - Grade 5,"814 Eleventh St, Blanco, TX 78606",814 Eleventh St,Blanco,TX,78606,(830) 833-4338,http://blancoisd.org/,454,2025-04-07T00:05:53.663750
BLANCO VISTA ELEM,Hays CISD,Prekindergarten - Grade 5,"2951 Blanco Vista Blvd, San Marcos, TX 78666",2951 Blanco Vista Blvd,San Marcos,TX,78666,(512) 268-8506,http://www.hayscisd.net/,710,2025-04-07T00:05:53.663750
BLANTON ELEM,Carrollton-Farmers Branch ISD,Prekindergarten - Grade 5,"2525 Scott Mill Rd, Carrollton, TX 75006",2525 Scott Mill Rd,Carrollton,TX,75006,(972) 968-1100,http://www.cfbisd.edu/,448,2025-04-07T00:05:53.663750
BLANTON ELEM,Austin ISD,Prekindergarten - Grade 5,"5408 Westminster Dr, Austin, TX 78723",5408 Westminster Dr,Austin,TX,78723,(512) 414-2026,http://www.austinisd.org/schools/blanton,560,2025-04-07T00:05:53.663750
BLATTMAN ELEM,Northside ISD,Early Education - Grade 5,"3300 N Loop 1604 W, San Antonio, TX 78231",3300 N Loop 1604 W,San Antonio,TX,78231,(210) 397-4600,http://nisd.net/,494,2025-04-07T00:05:53.663750
BLAZIER ELEM,Austin ISD,Kindergarten - Grade 6,"8601 Vertex Blvd, Austin, TX 78744",8601 Vertex Blvd,Austin,TX,78744,(512) 841-8800,http://www.austinisd.org/schools/blazier,"1,010",2025-04-07T00:05:53.663750
BLEDSOE ELEM,Frisco ISD,Kindergarten - Grade 5,"1900 Timber Rdg Dr, Frisco, TX 75034",1900 Timber Rdg Dr,Frisco,TX,75034,(469) 633-3600,http://www.friscoisd.org/,752,2025-04-07T00:05:53.663750
BLESSING ELEM,Tidehaven ISD,Early Education - Grade 5,"231 FM 616, Blessing, TX 77419",231 FM 616,Blessing,TX,77419,(979) 843-4330,http://www.tidehavenisd.com/,261,2025-04-07T00:05:53.663750
BLISS ELEM,El Paso ISD,Early Education - Grade 5,"4401 Sheridan Rd, El Paso, TX 79906",4401 Sheridan Rd,El Paso,TX,79906,(915) 236-5150,http://bliss.episd.org/,509,2025-04-07T00:05:53.663750
BLOOM ACADEMY CHARTER SCHOOL,Bloom Academy Charter School,Kindergarten - Grade 3,"3420 Almeda Genoa Rd, Houston, TX 77047",3420 Almeda Genoa Rd,Houston,TX,77047,(346) 333-1320,http://www.bloomacademy.org/,193,2025-04-07T00:05:53.663750
BLOOMBURG SCHOOL,Bloomburg ISD,Prekindergarten - Grade 12,"307 W Cypress St, Bloomburg, TX 75556",307 W Cypress St,Bloomburg,TX,75556,(903) 728-5216,http://www.bloomburgisd.net/,240,2025-04-07T00:05:53.663750
BLOOMING GROVE ELEM,Blooming Grove ISD,Early Education - Grade 5,"601 N FM 55, Blooming Grove, TX 76626",601 N FM 55,Blooming Grove,TX,76626,(903) 695-4401,http://www.bgisd.org/,434,2025-04-07T00:05:53.663750
BLOOMINGTON ELEM,Bloomington ISD,Prekindergarten - Grade 5,"200 N Leonard, Bloomington, TX 77951",200 N Leonard,Bloomington,TX,77951,(361) 333-8003,http://www.bisd-tx.org/,231,2025-04-07T00:05:53.663750
BLOSSOM ELEM,Prairiland ISD,Prekindergarten - Grade 5,"310 High St, Blossom, TX 75416",310 High St,Blossom,TX,75416,(903) 982-5230,http://www.prairiland.net/,427,2025-04-07T00:05:53.663750
BLUE HOLE PRI,Wimberley ISD,Prekindergarten - Grade 2,"15900 Winters Mill Pkwy, Wimberley, TX 78676",15900 Winters Mill Pkwy,Wimberley,TX,78676,(512) 847-3407,http://www.wimberleyisd.net/,627,2025-04-07T00:05:53.663750
BLUE RIDGE ELEM,Blue Ridge ISD,Prekindergarten - Grade 5,"10944 CR 504, Blue Ridge, TX 75424",10944 CR 504,Blue Ridge,TX,75424,(972) 752-5554,http://brisd.net/,453,2025-04-07T00:05:53.663750
BLUE RIDGE ELEM,Fort Bend ISD,Kindergarten - Grade 5,"6241 Mc Hard Rd, Houston, TX 77053",6241 Mc Hard Rd,Houston,TX,77053,(281) 634-4520,http://www.fortbendisd.com/bre,246,2025-04-07T00:05:53.663750
BLUEBONNET ELEM,Bastrop ISD,Prekindergarten - Grade 4,"416 FM 1209, Bastrop, TX 78602",416 FM 1209,Bastrop,TX,78602,(512) 772-7680,http://www.bisdtx.org/,742,2025-04-07T00:05:53.663750
BLUEBONNET ELEM,Hereford ISD,Kindergarten - Grade 5,"221 16th St, Hereford, TX 79045",221 16th St,Hereford,TX,79045,(806) 363-7650,http://www.herefordisd.net/,399,2025-04-07T00:05:53.663750
BLUEBONNET ELEM,Keller ISD,Kindergarten - Grade 5,"7000 Teal Dr, Fort Worth, TX 76137",7000 Teal Dr,Fort Worth,TX,76137,(817) 744-4500,http://www.kellerisd.net/,576,2025-04-07T00:05:53.663750
BLUEBONNET ELEM,Round Rock ISD,Prekindergarten - Grade 5,"1010 Chisholm Vly Dr, Round Rock, TX 78681",1010 Chisholm Vly Dr,Round Rock,TX,78681,(512) 428-7700,http://schools.roundrockisd.org/bluebonnet/,327,2025-04-07T00:05:53.663750
BLUEBONNET TRAIL ELEM,Manor ISD,Kindergarten - Grade 6,"11316 Farmhaven Rd, Austin, TX 78754",11316 Farmhaven Rd,Austin,TX,78754,(512) 278-4125,http://bte.manorisd.net/,451,2025-04-07T00:05:53.663750
BLUFF DALE ELEM,Bluff Dale ISD,Prekindergarten - Grade 12,"710 Church St, Bluff Dale, TX 76433",710 Church St,Bluff Dale,TX,76433,(254) 728-3277,http://www.bdisd.net/,227,2025-04-07T00:05:53.663750
BOALS ELEM,Frisco ISD,Early Education - Grade 5,"2035 Jaguar Dr, Frisco, TX 75034",2035 Jaguar Dr,Frisco,TX,75034,(469) 633-3300,http://www.friscoisd.org/,656,2025-04-07T00:05:53.663750
BOB HOPE SCHOOL - ELEM CAMPUS,Bob Hope School,Prekindergarten - Grade 5,"4301 32nd St, Port Arthur, TX 77642",4301 32nd St,Port Arthur,TX,77642,(409) 983-3244,http://www.bobhopeschool.org/,728,2025-04-07T00:05:53.663750
BOB AND BETTY NELSON ELEM,Alvin ISD,Early Education - Grade 5,"14400 County Rd 185, Alvin, TX 77511",14400 County Rd 185,Alvin,TX,77511,(281) 388-1130,http://www.alvinisd.net/Domain/6752,608,2025-04-07T00:05:53.663750
BOGGESS ELEM,Plano ISD,Prekindergarten - Grade 5,"225 Glen Ridge Dr, Murphy, TX 75094",225 Glen Ridge Dr,Murphy,TX,75094,(469) 752-4000,http://www.pisd.edu/,486,2025-04-07T00:05:53.663750
BOLES ELEM,Boles ISD,Prekindergarten - Grade 4,"9777 FM 2101, Quinlan, TX 75474",9777 FM 2101,Quinlan,TX,75474,(903) 914-1393,http://bolesisd.com/,190,2025-04-07T00:05:53.663750
BOLIN ELEM,Allen ISD,Kindergarten - Grade 6,"5705 Cheyenne Dr, Parker, TX 75002",5705 Cheyenne Dr,Parker,TX,75002,(214) 495-6750,http://www.allenisd.org/web/Bolin_Elementary/Index.htm,533,2025-04-07T00:05:53.663750
BONHAM EES,Grand Prairie ISD,Early Education - Kindergarten,"1301 E Coral Way, Grand Prairie, TX 75051",1301 E Coral Way,Grand Prairie,TX,75051,(972) 262-4255,http://www.gpisd.org/bonham,342,2025-04-07T00:05:53.663750
BONHAM ELEM,Bryan ISD,Prekindergarten - Grade 4,"3100 Wilkes Dr, Bryan, TX 77803",3100 Wilkes Dr,Bryan,TX,77803,(979) 209-1200,http://bonham.bryanisd.org/,509,2025-04-07T00:05:53.663750
BONHAM ELEM,Harlingen CISD,Early Education - Grade 5,"2400 E Jefferson, Harlingen, TX 78550",2400 E Jefferson,Harlingen,TX,78550,(956) 427-3070,http://www.hcisd.org/bonham,561,2025-04-07T00:05:53.663750
BONHAM ELEM,Houston ISD,Prekindergarten - Grade 5,"8302 Braes River Dr, Houston, TX 77074",8302 Braes River Dr,Houston,TX,77074,(713) 778-3480,http://www.houstonisd.org/,933,2025-04-07T00:05:53.663750
BONHAM ELEM,Midland ISD,Prekindergarten - Grade 6,"909 Bonham St, Midland, TX 79703",909 Bonham St,Midland,TX,79703,(432) 240-6000,http://www.midlandisd.net/,484,2025-04-07T00:05:53.663750
BONHAM ELEM,Abilene ISD,Kindergarten - Grade 5,"717 Buccaneer Dr, Abilene, TX 79605",717 Buccaneer Dr,Abilene,TX,79605,(325) 690-3745,http://www.abileneisd.org/,493,2025-04-07T00:05:53.663750
BONHAM ELEM,San Angelo ISD,Early Education - Grade 5,"4630 Southland, San Angelo, TX 76904",4630 Southland,San Angelo,TX,76904,(325) 947-3917,http://bonham.saisd.org/,531,2025-04-07T00:05:53.663750
BONHAM PK SCHOOL,San Marcos CISD,Early Education - Prekindergarten,"125 Hwy 123, San Marcos, TX 78666",125 Hwy 123,San Marcos,TX,78666,(512) 757-6031,http://www.smcisd.net/Bonham.cfm,379,2025-04-07T00:05:53.663750
BONNER ELEM,Houston ISD,Early Education - Grade 5,"8100 Elrod St, Houston, TX 77017",8100 Elrod St,Houston,TX,77017,(713) 943-5740,http://www.houstonisd.org/,645,2025-04-07T00:05:53.663750
BONNIE BRAE,Fort Worth ISD,Prekindergarten - Grade 5,"3504 Kimbo Rd, Ft Worth, TX 76111",3504 Kimbo Rd,Ft Worth,TX,76111,(817) 222-7500,http://www.fortworthisd.org/,376,2025-04-07T00:05:53.663750
BONNIE HOLLAND ELEM,Katy ISD,Early Education - Grade 5,"23720 Seven Meadow Pkwy, Katy, TX 77449",23720 Seven Meadow Pkwy,Katy,TX,77449,(281) 234-0506,http://www.katyisd.org/,833,2025-04-07T00:05:53.663750
BONNIE L GARCIA ELEM,United ISD,Early Education - Grade 5,"1453 Concord Hills Blvd, Laredo, TX 78046",1453 Concord Hills Blvd,Laredo,TX,78046,(956) 764-8900,http://www.uisd.net/,638,2025-04-07T00:05:53.663750
BOOKER T WASHINGTON ELEM,Elgin ISD,Kindergarten - Grade 4,"510 Mlk, Elgin, TX 78621",510 Mlk,Elgin,TX,78621,(512) 281-3411,http://www.elginisd.net/,666,2025-04-07T00:05:53.663750
BOOKER T WASHINGTON ELEM,Wichita Falls ISD,Prekindergarten - Grade 5,"1300 Harding St, Wichita Falls, TX 76303",1300 Harding St,Wichita Falls,TX,76303,(940) 235-1196,http://www.wfisd.net/,274,2025-04-07T00:05:53.663750
BOONE ELEM,Northside ISD,Early Education - Grade 5,"6614 Springtime Dr, San Antonio, TX 78249",6614 Springtime Dr,San Antonio,TX,78249,(210) 397-1450,http://nisd.net/,484,2025-04-07T00:05:53.663750
BOONE ELEM,Alief ISD,Early Education - Grade 4,"11400 Bissonnet, Houston, TX 77099",11400 Bissonnet,Houston,TX,77099,(281) 983-8308,http://www.aliefisd.net/,639,2025-04-07T00:05:53.663750
BOONE ELEM,Austin ISD,Early Education - Grade 5,"8101 Croftwood Dr, Austin, TX 78749",8101 Croftwood Dr,Austin,TX,78749,(512) 414-2537,http://www.austinisd.org/schools/boone,462,2025-04-07T00:05:53.663750
BORCHARDT ELEM,Frisco ISD,Kindergarten - Grade 5,"4300 Waskom Dr, Plano, TX 75024",4300 Waskom Dr,Plano,TX,75024,(469) 633-2800,http://www.friscoisd.org/,727,2025-04-07T00:05:53.663750
BORDEN COUNTY SCHOOL,Borden County ISD,Prekindergarten - Grade 12,"240 W Kincaid St, Gail, TX 79738",240 W Kincaid St,Gail,TX,79738,(806) 756-4450,http://www.bcisd.net/,245,2025-04-07T00:05:53.663750
BOSQUEVILLE ELEM,Bosqueville ISD,Early Education - Grade 5,"7636 Rock Creek Rd, Waco, TX 76708",7636 Rock Creek Rd,Waco,TX,76708,(254) 752-6006,http://www.bosquevilleisd.org/,329,2025-04-07T00:05:53.663750
BOVINA ELEM,Bovina ISD,Early Education - Grade 5,"500 Halsell St, Bovina, TX 79009",500 Halsell St,Bovina,TX,79009,(806) 251-1316,http://www.bovinaisd.org/,221,2025-04-07T00:05:53.663750
BOWIE ELEM,Harlingen CISD,Prekindergarten - Grade 5,"309 W Lincoln Ave, Harlingen, TX 78550",309 W Lincoln Ave,Harlingen,TX,78550,(956) 427-3080,http://www.hcisd.org/bowie,319,2025-04-07T00:05:53.663750
BOWIE ELEM,Richardson ISD,Early Education - Grade 6,"7643 La Manga Dr, Dallas, TX 75248",7643 La Manga Dr,Dallas,TX,75248,(469) 593-6000,http://risd.org/,665,2025-04-07T00:05:53.663750
BOWIE ELEM,Lamar CISD,Early Education - Grade 5,"2304 Bamore Rd, Rosenberg, TX 77471",2304 Bamore Rd,Rosenberg,TX,77471,(832) 223-1200,http://www.lcisd.org/,452,2025-04-07T00:05:53.663750
BOWIE ELEM,San Marcos CISD,Kindergarten - Grade 5,"4020 Monterrey Oaks, San Marcos, TX 78666",4020 Monterrey Oaks,San Marcos,TX,78666,(512) 393-6200,http://smcisd.net/,449,2025-04-07T00:05:53.663750
BOWIE ELEM,Greenville ISD,Kindergarten - Grade 5,"6005 Stonewall St, Greenville, TX 75402",6005 Stonewall St,Greenville,TX,75402,(903) 457-2676,http://www.greenvilleisd.com/,598,2025-04-07T00:05:53.663750
BOWIE ELEM,Corsicana ISD,Kindergarten - Grade 4,"1800 Bowie Dr, Corsicana, TX 75110",1800 Bowie Dr,Corsicana,TX,75110,(903) 872-6541,http://www.cisd.org/,567,2025-04-07T00:05:53.663750
BOWIE ELEM,Abilene ISD,Kindergarten - Grade 5,"2034 Jeanette St, Abilene, TX 79602",2034 Jeanette St,Abilene,TX,79602,(325) 671-4770,http://www.abileneisd.org/,492,2025-04-07T00:05:53.663750
BOWIE ELEM,San Angelo ISD,Kindergarten - Grade 5,"3700 Forest Trl, San Angelo, TX 76901",3700 Forest Trl,San Angelo,TX,76901,(325) 947-3921,http://bowie.saisd.org/,374,2025-04-07T00:05:53.663750
BOWIE INT,Bowie ISD,Early Education - Grade 5,"800 N Mill St, Bowie, TX 76230",800 N Mill St,Bowie,TX,76230,(940) 689-2887,http://www.bowieisd.net/,791,2025-04-07T00:05:53.663750
BOWIE PRI,Sulphur Springs ISD,Kindergarten - Grade 3,"1400 Mockingbird Ln, Sulphur Springs, TX 75482",1400 Mockingbird Ln,Sulphur Springs,TX,75482,(903) 885-3772,http://schools.ssisd.net/default.aspx?name=bes.homepage,317,2025-04-07T00:05:53.663750
BOYD ELEM,Boyd ISD,Prekindergarten - Grade 3,"500 E Morton Ave, Boyd, TX 76023",500 E Morton Ave,Boyd,TX,76023,(940) 433-9520,http://www.boydisd.net/,386,2025-04-07T00:05:53.663750
BRADFIELD ELEM,Garland ISD,Prekindergarten - Grade 5,"3817 Bucknell Dr, Garland, TX 75042",3817 Bucknell Dr,Garland,TX,75042,(972) 494-8303,http://www.garlandisd.net/bradfield,473,2025-04-07T00:05:53.663750
BRADFORD ELEM,San Angelo ISD,Prekindergarten - Grade 5,"2302 Bradford St, San Angelo, TX 76903",2302 Bradford St,San Angelo,TX,76903,(325) 659-3645,http://bradford.saisd.org/,395,2025-04-07T00:05:53.663750
BRADLEY ELEM,Conroe ISD,Prekindergarten - Grade 4,"4200 Falls Lakes Dr, Spring, TX 77386",4200 Falls Lakes Dr,Spring,TX,77386,(832) 482-6800,http://www.conroeisd.net/,"1,006",2025-04-07T00:05:53.663750
BRADY ELEM,Brady ISD,Early Education - Grade 5,"205 W China St, Brady, TX 76825",205 W China St,Brady,TX,76825,(325) 597-2590,http://www.bradyisd.org/,457,2025-04-07T00:05:53.663750
BRAEBURN ELEM,Houston ISD,Early Education - Grade 5,"5550 Pine St, Houston, TX 77081",5550 Pine St,Houston,TX,77081,(713) 295-5210,http://www.houstonisd.org/,767,2025-04-07T00:05:53.663750
BRANDENBURG ELEM,Irving ISD,Prekindergarten - Grade 5,"2800 Hillcrest Dr, Irving, TX 75062",2800 Hillcrest Dr,Irving,TX,75062,(972) 600-7100,http://www.irvingisd.net/,884,2025-04-07T00:05:53.663750
BRAUCHLE ELEM,Northside ISD,Early Education - Grade 5,"8555 Bowens Crossing, San Antonio, TX 78250",8555 Bowens Crossing,San Antonio,TX,78250,(210) 397-1550,http://nisd.net/,451,2025-04-07T00:05:53.663750
BRAUN STATION ELEM,Northside ISD,Early Education - Grade 5,"8631 Tezel Rd, San Antonio, TX 78254",8631 Tezel Rd,San Antonio,TX,78254,(210) 397-1550,http://nisd.net/,396,2025-04-07T00:05:53.663750
BRAY ELEM,Cedar Hill ISD,Prekindergarten - Grade 5,"218 N Broad St, Cedar Hill, TX 75104",218 N Broad St,Cedar Hill,TX,75104,(972) 291-4231,http://www.chisd.com/schools/bray,237,2025-04-07T00:05:53.663750
BRAZOS BEND ELEM,Fort Bend ISD,Prekindergarten - Grade 5,"621 Cunningham Creek Blvd, Sugar Land, TX 77479",621 Cunningham Creek Blvd,Sugar Land,TX,77479,(281) 634-5180,http://www.fortbendisd.com/bbe,706,2025-04-07T00:05:53.663750
BRAZOS ELEM,Brazos ISD,Early Education - Grade 5,"9814 Kibler St, Orchard, TX 77464",9814 Kibler St,Orchard,TX,77464,(979) 478-6610,http://brazosisd.net/,302,2025-04-07T00:05:53.663750
BRAZOS SCHOOL FOR INQUIRY AND CREATIVITY BRYAN/COL,Brazos School for Inquiry & Creativity,Prekindergarten - Grade 8,"410 Bethel Ln, Bryan, TX 77802",410 Bethel Ln,Bryan,TX,77802,(979) 774-5032,http://www.brazosschool.org/,178,2025-04-07T00:05:53.663750
BRAZOS SCHOOL FOR INQUIRY AND CREATIVITY TIDWELL,Brazos School for Inquiry & Creativity,Prekindergarten - Grade 6,"1055 W Tidwell Rd, Houston, TX 77091",1055 W Tidwell Rd,Houston,TX,77091,(713) 681-1960,http://www.brazosschool.org/,152,2025-04-07T00:05:53.663750
BREMOND ELEM,Bremond ISD,Prekindergarten - Grade 5,"601 W Collins St, Bremond, TX 76629",601 W Collins St,Bremond,TX,76629,(254) 746-7145,http://bremondisd.net/,246,2025-04-07T00:05:53.663750
BRENDA NORWOOD ELEM,Mansfield ISD,Kindergarten - Grade 4,"2000 Julian Feild St, Mansfield, TX 76063",2000 Julian Feild St,Mansfield,TX,76063,(682) 320-9400,http://norwood.mansfieldisd.org/,586,2025-04-07T00:05:53.663750
BRENTFIELD ELEM,Richardson ISD,Kindergarten - Grade 6,"6767 Brentfield Dr, Dallas, TX 75248",6767 Brentfield Dr,Dallas,TX,75248,(469) 593-5730,http://risd.org/,806,2025-04-07T00:05:53.663750
BRENTWOOD ELEM,Austin ISD,Early Education - Grade 5,"6703 Yates Av, Austin, TX 78757",6703 Yates Av,Austin,TX,78757,(512) 414-2039,http://www.austinisd.org/schools/brentwood,524,2025-04-07T00:05:53.663750
BRIARGATE ELEM,Fort Bend ISD,Kindergarten - Grade 5,"15817 Blue Ridge Rd, Missouri City, TX 77489",15817 Blue Ridge Rd,Missouri City,TX,77489,(281) 634-4560,http://www.fortbendisd.com/bge,351,2025-04-07T00:05:53.663750
BRIARGROVE ELEM,Houston ISD,Early Education - Grade 5,"6145 San Felipe St, Houston, TX 77057",6145 San Felipe St,Houston,TX,77057,(713) 917-3600,http://www.houstonisd.org/,812,2025-04-07T00:05:53.663750
BRIARMEADOW CHARTER,Houston ISD,Prekindergarten - Grade 8,"3601 Dunvale, Houston, TX 77063",3601 Dunvale,Houston,TX,77063,(713) 458-5500,http://www.houstonisd.org/,564,2025-04-07T00:05:53.663750
BRIDGE CITY ELEM,Bridge City ISD,Early Education - Grade 2,"1035 W Roundbunch Rd, Bridge City, TX 77611",1035 W Roundbunch Rd,Bridge City,TX,77611,(409) 735-0900,http://www.bridgecityisd.net/,838,2025-04-07T00:05:53.663750
BRIDGEPORT ELEM,Bridgeport ISD,Early Education - Grade 2,"1408 Elementary Dr, Bridgeport, TX 76426",1408 Elementary Dr,Bridgeport,TX,76426,(940) 683-5955,http://www.bridgeportisd.net/,512,2025-04-07T00:05:53.663750
BRIDGEWAY PREPARATORY ACADEMY,Bridgeway Preparatory Academy,Prekindergarten - Grade 5,"1861 Valley View Ste 100, Farmers Branch, TX 75234",1861 Valley View Ste 100,Farmers Branch,TX,75234,(214) 257-8883,http://www.bridgewaypreparatory.org/,96,2025-04-07T00:05:53.663750
BRIGHT ACAD,Frisco ISD,Kindergarten - Grade 5,"7600 Woodstream Dr, Frisco, TX 75034",7600 Woodstream Dr,Frisco,TX,75034,(469) 633-2700,http://www.friscoisd.org/,473,2025-04-07T00:05:53.663750
BRILL ELEM,Klein ISD,Early Education - Grade 5,"9102 Herts Rd, Klein, TX 77379",9102 Herts Rd,Klein,TX,77379,(832) 484-6150,http://www.kleinisd.net/,837,2025-04-07T00:05:53.663750
BRINKER ELEM,Plano ISD,Kindergarten - Grade 5,"3800 John Clark Pkwy, Plano, TX 75093",3800 John Clark Pkwy,Plano,TX,75093,(469) 752-0500,http://www.pisd.edu/,468,2025-04-07T00:05:53.663750
BRISCOE ELEM,Houston ISD,Early Education - Grade 5,"321 Forest Hill, Houston, TX 77011",321 Forest Hill,Houston,TX,77011,(713) 924-1740,http://www.houstonisd.org/,211,2025-04-07T00:05:53.663750
BRITAIN ELEM,Irving ISD,Early Education - Grade 5,"631 Edmondson Dr, Irving, TX 75060",631 Edmondson Dr,Irving,TX,75060,(972) 600-3800,http://www.irvingisd.net/,582,2025-04-07T00:05:53.663750
BRITE ELEM,Brownsville ISD,Prekindergarten - Grade 5,"450 S Browne Ave, Brownsville, TX 78521",450 S Browne Ave,Brownsville,TX,78521,(956) 698-3000,http://www.bisd.us/brite/,485,2025-04-07T00:05:53.663750
BROADDUS ELEM,Broaddus ISD,Prekindergarten - Grade 5,"1 Bulldog Plaza, Broaddus, TX 75929",1 Bulldog Plaza,Broaddus,TX,75929,(936) 872-3041,http://www.broaddusisd.com/,178,2025-04-07T00:05:53.663750
BROADWAY ELEM,Conroe ISD,Kindergarten - Grade 4,"2855 Spring Trails Bend, Spring, TX 77386",2855 Spring Trails Bend,Spring,TX,77386,(281) 465-2900,http://www.conroeisd.net/,"1,273",2025-04-07T00:05:53.663750
BROCK ELEM,Brock ISD,Early Education - Grade 2,"3000 FM 1189, Brock, TX 76087",3000 FM 1189,Brock,TX,76087,(817) 592-6555,http://www.brockisd.net/,528,2025-04-07T00:05:53.663750
BRONTE ISD,Bronte ISD,Early Education - Grade 12,"210 S Jefferson St, Bronte, TX 76933",210 S Jefferson St,Bronte,TX,76933,(325) 473-2521,http://bronte.netxv.net/,238,2025-04-07T00:05:53.663750
BROOK AVENUE ELEM,Waco ISD,Prekindergarten - Grade 5,"720 Brook Ave, Waco, TX 76708",720 Brook Ave,Waco,TX,76708,(254) 750-3562,http://brookavenue.wacoisd.org/cms/One.aspx,364,2025-04-07T00:05:53.663750
BROOK VILLAGE EARLY CHILDHOOD,Wichita Falls ISD,Prekindergarten - Prekindergarten,"222 Brook St, Wichita Falls, TX 76302",222 Brook St,Wichita Falls,TX,76302,(940) 235-1132,http://www.wfisd.net/,186,2025-04-07T00:05:53.663750
BROOKESMITH SCHOOL,Brookesmith ISD,Prekindergarten - Grade 12,"13400 FM 586 S, Brookesmith, TX 76827",13400 FM 586 S,Brookesmith,TX,76827,(325) 643-3023,http://www.brookesmithisd.net/,143,2025-04-07T00:05:53.663750
BROOKHAVEN ELEM,Killeen ISD,Early Education - Grade 5,"3221 Hilliard Ave, Killeen, TX 76543",3221 Hilliard Ave,Killeen,TX,76543,(254) 336-1440,http://www.killeenisd.org/,629,2025-04-07T00:05:53.663750
BROOKLINE ELEM,Houston ISD,Prekindergarten - Grade 5,"6301 S Loop E, Houston, TX 77087",6301 S Loop E,Houston,TX,77087,(713) 845-7400,http://www.houstonisd.org/,764,2025-04-07T00:05:53.663750
BROOKS-QUINN-JONES ELEM,Nacogdoches ISD,Early Education - Grade 5,"907 N Sanders St, Nacogdoches, TX 75964",907 N Sanders St,Nacogdoches,TX,75964,(936) 569-5040,http://www.nacisd.org/,626,2025-04-07T00:05:53.663750
BROOKWOOD ELEM,Clear Creek ISD,Kindergarten - Grade 5,"16850 Middlebrook Dr, Houston, TX 77059",16850 Middlebrook Dr,Houston,TX,77059,(281) 284-5600,http://www.ccisd.net/,766,2025-04-07T00:05:53.663750
BROOKWOOD FOREST ELEM,New Caney ISD,Prekindergarten - Grade 5,"25545 Sorters Rd, Porter, TX 77365",25545 Sorters Rd,Porter,TX,77365,(281) 577-8600,http://www.newcaneyisd.org/Domain/3646,836,2025-04-07T00:05:53.663750
BROWN ELEM,Irving ISD,Prekindergarten - Grade 5,"2501 W 10th St, Irving, TX 75060",2501 W 10th St,Irving,TX,75060,(972) 600-4000,http://www.irvingisd.net/,677,2025-04-07T00:05:53.663750
BROWN ELEM,Austin ISD,Prekindergarten - Grade 5,"7801 Guadalupe St, Austin, TX 78752",7801 Guadalupe St,Austin,TX,78752,(512) 414-2047,http://www.austinisd.org/schools/brown,489,2025-04-07T00:05:53.663750
BROWN PRI,Smithville ISD,Early Education - Kindergarten,"403 SW 4th St, Smithville, TX 78957",403 SW 4th St,Smithville,TX,78957,(512) 237-2519,http://www.smithvilleisd.org/,186,2025-04-07T00:05:53.663750
BROWNING ELEM,Houston ISD,Prekindergarten - Grade 5,"607 Northwood St, Houston, TX 77009",607 Northwood St,Houston,TX,77009,(713) 867-5140,http://www.houstonisd.org/,406,2025-04-07T00:05:53.663750
BRUCE ELEM,Houston ISD,Prekindergarten - Grade 5,"510 Jensen Dr, Houston, TX 77020",510 Jensen Dr,Houston,TX,77020,(713) 226-4560,http://www.houstonisd.org/,348,2025-04-07T00:05:53.663750
BRUCE SHULKEY ELEM,Fort Worth ISD,Prekindergarten - Grade 5,"5533 Whitman Ave, Fort Worth, TX 76133",5533 Whitman Ave,Fort Worth,TX,76133,(817) 814-8400,http://www.fortworthisd.org/,415,2025-04-07T00:05:53.663750
BRUCEVILLE-EDDY ELEM,Bruceville-Eddy ISD,Early Education - Grade 2,"#1 Eagle Dr, Eddy, TX 76524",#1 Eagle Dr,Eddy,TX,76524,(254) 859-5525,http://www.beisd.net/,119,2025-04-07T00:05:53.663750
BRULE ELEM,Navasota ISD,Prekindergarten - Grade 5,"203 Brosig Ave, Navasota, TX 77868",203 Brosig Ave,Navasota,TX,77868,(936) 825-4275,http://navasotaisd.org/,309,2025-04-07T00:05:53.663750
BRUSHY CREEK ELEM,Round Rock ISD,Early Education - Grade 5,"3800 Stonebridge, Round Rock, TX 78681",3800 Stonebridge,Round Rock,TX,78681,(512) 428-3000,http://schools.roundrockisd.org/brushycreek/,517,2025-04-07T00:05:53.663750
BRYANT ELEM,Katy ISD,Early Education - Grade 5,"29801 Kingsland Blvd, Brookshire, TX 77423",29801 Kingsland Blvd,Brookshire,TX,77423,(281) 234-4300,http://www.katyisd.org/,"1,322",2025-04-07T00:05:53.663750
BRYKER WOODS ELEM,Austin ISD,Kindergarten - Grade 5,"3309 Kerbey Ln, Austin, TX 78703",3309 Kerbey Ln,Austin,TX,78703,(512) 414-2054,http://www.austinisd.org/schools/brykerwoods,349,2025-04-07T00:05:53.663750
BRYSON ELEM,Eagle Mt-Saginaw ISD,Kindergarten - Grade 5,"8601 Old Decatur Rd, Fort Worth, TX 76179",8601 Old Decatur Rd,Fort Worth,TX,76179,(817) 237-8306,http://www.emsisd.com/,566,2025-04-07T00:05:53.663750
BRYSON SCHOOL,Bryson ISD,Prekindergarten - Grade 12,"300 N Mccloud St, Bryson, TX 76427",300 N Mccloud St,Bryson,TX,76427,(940) 392-3281,http://www.brysonisd.net/,252,2025-04-07T00:05:53.663750
BRYSS ACADEMY,Raul Yzaguirre Schools for Success,Prekindergarten - Grade 8,"2255 N Coria St, Brownsville, TX 78520",2255 N Coria St,Brownsville,TX,78520,(956) 574-7100,http://ryss.org/,478,2025-04-07T00:05:53.663750
BUCKALEW ELEM,Conroe ISD,Kindergarten - Grade 4,"4909 W Alden Bridge Dr, The Woodlands, TX 77382",4909 W Alden Bridge Dr,The Woodlands,TX,77382,(281) 465-3400,http://www.conroeisd.net/,666,2025-04-07T00:05:53.663750
BUCKHOLTS SCHOOL,Buckholts ISD,Prekindergarten - Grade 12,"203 S 10th, Buckholts, TX 76518",203 S 10th,Buckholts,TX,76518,(254) 593-2744,http://www.buckholtsisd.net/,140,2025-04-07T00:05:53.663750
BUCKNER PREPARATORY,Cityscape Schools,Early Education - Grade 5,"8510 Military Pkwy, Dallas, TX 75227",8510 Military Pkwy,Dallas,TX,75227,(214) 545-6552,http://cityscapeschools.org/,313,2025-04-07T00:05:53.663750
BUDA ELEM,Hays CISD,Early Education - Grade 5,"1060 Old San Antonio Rd, Buda, TX 78610",1060 Old San Antonio Rd,Buda,TX,78610,(512) 295-4431,http://www.hayscisd.net/,678,2025-04-07T00:05:53.663750
BUENA VISTA ELEM,San Felipe-Del Rio CISD,Kindergarten - Grade 5,"100 Echo Vly Dr, Del Rio, TX 78840",100 Echo Vly Dr,Del Rio,TX,78840,(830) 778-4600,http://www.sfrd-cisd.org/,766,2025-04-07T00:05:53.663750
BUENA VISTA SCHOOL,Buena Vista ISD,Prekindergarten - Grade 12,"404 W Hwy 11, Imperial, TX 79743",404 W Hwy 11,Imperial,TX,79743,(432) 536-2225,http://www.bvisd.net/,240,2025-04-07T00:05:53.663750
BUFFALO CREEK ELEM,Spring Branch ISD,Kindergarten - Grade 5,"2801 Blalock Rd, Houston, TX 77080",2801 Blalock Rd,Houston,TX,77080,(713) 251-5300,http://bce.springbranchisd.com/,437,2025-04-07T00:05:53.663750
BUFFALO GAP ELEM,Jim Ned CISD,Prekindergarten - Grade 5,"665 Vine St, Buffalo Gap, TX 79508",665 Vine St,Buffalo Gap,TX,79508,(325) 572-3533,http://schools.jimned.esc14.net/page/jnesbg.homepage,382,2025-04-07T00:05:53.663750
BULLARD EARLY CHILDHOOD,Bullard ISD,Early Education - Kindergarten,"318 Schoolhouse Rd, Bullard, TX 75757",318 Schoolhouse Rd,Bullard,TX,75757,(903) 894-6389,http://www.bullardisd.net/,284,2025-04-07T00:05:53.663750
BULLOCK ELEM,Garland ISD,Prekindergarten - Grade 5,"3909 Edgewood Dr, Garland, TX 75042",3909 Edgewood Dr,Garland,TX,75042,(972) 494-8308,http://www.garlandisd.net/bullock,536,2025-04-07T00:05:53.663750
